timings.Fajr,timings.Sunrise,timings.Dhuhr,timings.Asr,timings.Sunset,timings.Maghrib,timings.Isha,timings.Imsak,timings.Midnight,timings.Firstthird,timings.Lastthird,date.readable,date.timestamp,date.gregorian.date,date.gregorian.format,date.gregorian.day,date.gregorian.weekday.en,date.gregorian.month.number,date.gregorian.month.en,date.gregorian.year,date.gregorian.designation.abbreviated,date.gregorian.designation.expanded,date.gregorian.lunarSighting,date.hijri.date,date.hijri.format,date.hijri.day,date.hijri.weekday.en,date.hijri.weekday.ar,date.hijri.month.number,date.hijri.month.en,date.hijri.month.ar,date.hijri.month.days,date.hijri.year,date.hijri.designation.abbreviated,date.hijri.designation.expanded,date.hijri.method,meta.latitude,meta.longitude,meta.timezone,meta.method.id,meta.method.name,meta.method.params.Fajr,meta.method.params.Isha,meta.method.location.latitude,meta.method.location.longitude,meta.latitudeAdjustmentMethod,meta.midnightMode,meta.school,meta.offset.Imsak,meta.offset.Fajr,meta.offset.Sunrise,meta.offset.Dhuhr,meta.offset.Asr,meta.offset.Maghrib,meta.offset.Sunset,meta.offset.Isha,meta.offset.Midnight,date.hijri.holidays.0,date.hijri.holidays.1,date.hijri.holidays.2,date.hijri.holidays.3,date.hijri.holidays.4,date.hijri.holidays.5,date.hijri.holidays.6
05:36 (WAT),06:57 (WAT),12:50 (WAT),16:12 (WAT),18:43 (WAT),18:43 (WAT),19:56 (WAT),05:26 (WAT),00:50 (WAT),22:48 (WAT),02:53 (WAT),01 Jan 2026,1767254461,01-01-2026,DD-MM-YYYY,01,Thursday,1,January,2026,AD,Anno Domini,false,12-07-1447,DD-MM-YYYY,12,Al Khamees,الخميس,7,Rajab,رَجَب,30,1447,AH,Anno Hegirae,HJCoSA,8.8888888,7.7777777,Africa/Lagos,5,Egyptian General Authority of Survey,19.5,17.5,30.0444196,31.2357116,ANGLE_BASED,STANDARD,STANDARD,0,0,0,0,0,0,0,0,0,,,,,,,
05:37 (WAT),06:58 (WAT),12:51 (WAT),16:12 (WAT),18:43 (WAT),18:43 (WAT),19:56 (WAT),05:27 (WAT),00:51 (WAT),22:48 (WAT),02:53 (WAT),02 Jan 2026,1767340861,02-01-2026,DD-MM-YYYY,02,Friday,1,January,2026,AD,Anno Domini,false,13-07-1447,DD-MM-YYYY,13,Al Juma'a,الجمعة,7,Rajab,رَجَب,30,1447,AH,Anno Hegirae,HJCoSA,8.8888888,7.7777777,Africa/Lagos,5,Egyptian General Authority of Survey,19.5,17.5,30.0444196,31.2357116,ANGLE_BASED,STANDARD,STANDARD,0,0,0,0,0,0,0,0,0,Birth of Sayyidina `Ali ibn Abi Talib (ر),,,,,,
05:37 (WAT),06:58 (WAT),12:51 (WAT),16:13 (WAT),18:44 (WAT),18:44 (WAT),19:56 (WAT),05:27 (WAT),00:51 (WAT),22:49 (WAT),02:54 (WAT),03 Jan 2026,1767427261,03-01-2026,DD-MM-YYYY,03,Saturday,1,January,2026,AD,Anno Domini,false,14-07-1447,DD-MM-YYYY,14,Al Sabt,السبت,7,Rajab,رَجَب,30,1447,AH,Anno Hegirae,HJCoSA,8.8888888,7.7777777,Africa/Lagos,5,Egyptian General Authority of Survey,19.5,17.5,30.0444196,31.2357116,ANGLE_BASED,STANDARD,STANDARD,0,0,0,0,0,0,0,0,0,,,,,,,
05:38 (WAT),06:59 (WAT),12:52 (WAT),16:13 (WAT),18:45 (WAT),18:45 (WAT),19:57 (WAT),05:28 (WAT),00:52 (WAT),22:49 (WAT),02:54 (WAT),04 Jan 2026,1767513661,04-01-2026,DD-MM-YYYY,04,Sunday,1,January,2026,AD,Anno Domini,false,15-07-1447,DD-MM-YYYY,15,Al Ahad,الاحد,7,Rajab,رَجَب,30,1447,AH,Anno Hegirae,HJCoSA,8.8888888,7.7777777,Africa/Lagos,5,Egyptian General Authority of Survey,19.5,17.5,30.0444196,31.2357116,ANGLE_BASED,STANDARD,STANDARD,0,0,0,0,0,0,0,0,0,Urs of Sayyidina Jāfar as-Sādiq (ق),Urs of Zaynab bint Ali (ر),,,,,
05:38 (WAT),06:59 (WAT),12:52 (WAT),16:14 (WAT),18:45 (WAT),18:45 (WAT),19:57 (WAT),05:28 (WAT),00:52 (WAT),22:50 (WAT),02:54 (WAT),05 Jan 2026,1767600061,05-01-2026,DD-MM-YYYY,05,Monday,1,January,2026,AD,Anno Domini,false,16-07-1447,DD-MM-YYYY,16,Al Athnayn,الاثنين,7,Rajab,رَجَب,30,1447,AH,Anno Hegirae,HJCoSA,8.8888888,7.7777777,Africa/Lagos,5,Egyptian General Authority of Survey,19.5,17.5,30.0444196,31.2357116,ANGLE_BASED,STANDARD,STANDARD,0,0,0,0,0,0,0,0,0,,,,,,,
05:38 (WAT),06:59 (WAT),12:52 (WAT),16:14 (WAT),18:46 (WAT),18:46 (WAT),19:58 (WAT),05:28 (WAT),00:52 (WAT),22:50 (WAT),02:55 (WAT),06 Jan 2026,1767686461,06-01-2026,DD-MM-YYYY,06,Tuesday,1,January,2026,AD,Anno Domini,false,17-07-1447,DD-MM-YYYY,17,Al Thalaata,الثلاثاء,7,Rajab,رَجَب,30,1447,AH,Anno Hegirae,HJCoSA,8.8888888,7.7777777,Africa/Lagos,5,Egyptian General Authority of Survey,19.5,17.5,30.0444196,31.2357116,ANGLE_BASED,STANDARD,STANDARD,0,0,0,0,0,0,0,0,0,,,,,,,
05:39 (WAT),07:00 (WAT),12:53 (WAT),16:15 (WAT),18:46 (WAT),18:46 (WAT),19:58 (WAT),05:29 (WAT),00:53 (WAT),22:51 (WAT),02:55 (WAT),07 Jan 2026,1767772861,07-01-2026,DD-MM-YYYY,07,Wednesday,1,January,2026,AD,Anno Domini,false,18-07-1447,DD-MM-YYYY,18,Al Arba'a,الاربعاء,7,Rajab,رَجَب,30,1447,AH,Anno Hegirae,HJCoSA,8.8888888,7.7777777,Africa/Lagos,5,Egyptian General Authority of Survey,19.5,17.5,30.0444196,31.2357116,ANGLE_BASED,STANDARD,STANDARD,0,0,0,0,0,0,0,0,0,,,,,,,
05:39 (WAT),07:00 (WAT),12:53 (WAT),16:15 (WAT),18:46 (WAT),18:46 (WAT),19:59 (WAT),05:29 (WAT),00:53 (WAT),22:51 (WAT),02:56 (WAT),08 Jan 2026,1767859261,08-01-2026,DD-MM-YYYY,08,Thursday,1,January,2026,AD,Anno Domini,false,19-07-1447,DD-MM-YYYY,19,Al Khamees,الخميس,7,Rajab,رَجَب,30,1447,AH,Anno Hegirae,HJCoSA,8.8888888,7.7777777,Africa/Lagos,5,Egyptian General Authority of Survey,19.5,17.5,30.0444196,31.2357116,ANGLE_BASED,STANDARD,STANDARD,0,0,0,0,0,0,0,0,0,,,,,,,
05:40 (WAT),07:01 (WAT),12:54 (WAT),16:15 (WAT),18:47 (WAT),18:47 (WAT),19:59 (WAT),05:30 (WAT),00:54 (WAT),22:51 (WAT),02:56 (WAT),09 Jan 2026,1767945661,09-01-2026,DD-MM-YYYY,09,Friday,1,January,2026,AD,Anno Domini,false,20-07-1447,DD-MM-YYYY,20,Al Juma'a,الجمعة,7,Rajab,رَجَب,30,1447,AH,Anno Hegirae,HJCoSA,8.8888888,7.7777777,Africa/Lagos,5,Egyptian General Authority of Survey,19.5,17.5,30.0444196,31.2357116,ANGLE_BASED,STANDARD,STANDARD,0,0,0,0,0,0,0,0,0,,,,,,,
05:40 (WAT),07:01 (WAT),12:54 (WAT),16:16 (WAT),18:47 (WAT),18:47 (WAT),19:59 (WAT),05:30 (WAT),00:54 (WAT),22:52 (WAT),02:56 (WAT),10 Jan 2026,1768032061,10-01-2026,DD-MM-YYYY,10,Saturday,1,January,2026,AD,Anno Domini,false,21-07-1447,DD-MM-YYYY,21,Al Sabt,السبت,7,Rajab,رَجَب,30,1447,AH,Anno Hegirae,HJCoSA,8.8888888,7.7777777,Africa/Lagos,5,Egyptian General Authority of Survey,19.5,17.5,30.0444196,31.2357116,ANGLE_BASED,STANDARD,STANDARD,0,0,0,0,0,0,0,0,0,,,,,,,
05:41 (WAT),07:01 (WAT),12:55 (WAT),16:16 (WAT),18:48 (WAT),18:48 (WAT),20:00 (WAT),05:31 (WAT),00:55 (WAT),22:52 (WAT),02:57 (WAT),11 Jan 2026,1768118461,11-01-2026,DD-MM-YYYY,11,Sunday,1,January,2026,AD,Anno Domini,false,22-07-1447,DD-MM-YYYY,22,Al Ahad,الاحد,7,Rajab,رَجَب,30,1447,AH,Anno Hegirae,HJCoSA,8.8888888,7.7777777,Africa/Lagos,5,Egyptian General Authority of Survey,19.5,17.5,30.0444196,31.2357116,ANGLE_BASED,STANDARD,STANDARD,0,0,0,0,0,0,0,0,0,,,,,,,
05:41 (WAT),07:01 (WAT),12:55 (WAT),16:17 (WAT),18:48 (WAT),18:48 (WAT),20:00 (WAT),05:31 (WAT),00:55 (WAT),22:53 (WAT),02:57 (WAT),12 Jan 2026,1768204861,12-01-2026,DD-MM-YYYY,12,Monday,1,January,2026,AD,Anno Domini,false,23-07-1447,DD-MM-YYYY,23,Al Athnayn,الاثنين,7,Rajab,رَجَب,30,1447,AH,Anno Hegirae,HJCoSA,8.8888888,7.7777777,Africa/Lagos,5,Egyptian General Authority of Survey,19.5,17.5,30.0444196,31.2357116,ANGLE_BASED,STANDARD,STANDARD,0,0,0,0,0,0,0,0,0,,,,,,,
05:41 (WAT),07:02 (WAT),12:55 (WAT),16:17 (WAT),18:49 (WAT),18:49 (WAT),20:01 (WAT),05:31 (WAT),00:55 (WAT),22:53 (WAT),02:57 (WAT),13 Jan 2026,1768291261,13-01-2026,DD-MM-YYYY,13,Tuesday,1,January,2026,AD,Anno Domini,false,24-07-1447,DD-MM-YYYY,24,Al Thalaata,الثلاثاء,7,Rajab,رَجَب,30,1447,AH,Anno Hegirae,HJCoSA,8.8888888,7.7777777,Africa/Lagos,5,Egyptian General Authority of Survey,19.5,17.5,30.0444196,31.2357116,ANGLE_BASED,STANDARD,STANDARD,0,0,0,0,0,0,0,0,0,,,,,,,
05:42 (WAT),07:02 (WAT),12:56 (WAT),16:17 (WAT),18:49 (WAT),18:49 (WAT),20:01 (WAT),05:32 (WAT),00:56 (WAT),22:54 (WAT),02:58 (WAT),14 Jan 2026,1768377661,14-01-2026,DD-MM-YYYY,14,Wednesday,1,January,2026,AD,Anno Domini,false,25-07-1447,DD-MM-YYYY,25,Al Arba'a,الاربعاء,7,Rajab,رَجَب,30,1447,AH,Anno Hegirae,HJCoSA,8.8888888,7.7777777,Africa/Lagos,5,Egyptian General Authority of Survey,19.5,17.5,30.0444196,31.2357116,ANGLE_BASED,STANDARD,STANDARD,0,0,0,0,0,0,0,0,0,,,,,,,
05:42 (WAT),07:02 (WAT),12:56 (WAT),16:18 (WAT),18:50 (WAT),18:50 (WAT),20:01 (WAT),05:32 (WAT),00:56 (WAT),22:54 (WAT),02:58 (WAT),15 Jan 2026,1768464061,15-01-2026,DD-MM-YYYY,15,Thursday,1,January,2026,AD,Anno Domini,false,26-07-1447,DD-MM-YYYY,26,Al Khamees,الخميس,7,Rajab,رَجَب,30,1447,AH,Anno Hegirae,HJCoSA,8.8888888,7.7777777,Africa/Lagos,5,Egyptian General Authority of Survey,19.5,17.5,30.0444196,31.2357116,ANGLE_BASED,STANDARD,STANDARD,0,0,0,0,0,0,0,0,0,,,,,,,
05:42 (WAT),07:03 (WAT),12:56 (WAT),16:18 (WAT),18:50 (WAT),18:50 (WAT),20:02 (WAT),05:32 (WAT),00:56 (WAT),22:54 (WAT),02:58 (WAT),16 Jan 2026,1768550461,16-01-2026,DD-MM-YYYY,16,Friday,1,January,2026,AD,Anno Domini,false,27-07-1447,DD-MM-YYYY,27,Al Juma'a,الجمعة,7,Rajab,رَجَب,30,1447,AH,Anno Hegirae,HJCoSA,8.8888888,7.7777777,Africa/Lagos,5,Egyptian General Authority of Survey,19.5,17.5,30.0444196,31.2357116,ANGLE_BASED,STANDARD,STANDARD,0,0,0,0,0,0,0,0,0,Lailat-ul-Miraj,,,,,,
05:43 (WAT),07:03 (WAT),12:57 (WAT),16:18 (WAT),18:51 (WAT),18:51 (WAT),20:02 (WAT),05:33 (WAT),00:57 (WAT),22:55 (WAT),02:59 (WAT),17 Jan 2026,1768636861,17-01-2026,DD-MM-YYYY,17,Saturday,1,January,2026,AD,Anno Domini,false,28-07-1447,DD-MM-YYYY,28,Al Sabt,السبت,7,Rajab,رَجَب,30,1447,AH,Anno Hegirae,HJCoSA,8.8888888,7.7777777,Africa/Lagos,5,Egyptian General Authority of Survey,19.5,17.5,30.0444196,31.2357116,ANGLE_BASED,STANDARD,STANDARD,0,0,0,0,0,0,0,0,0,,,,,,,
05:43 (WAT),07:03 (WAT),12:57 (WAT),16:19 (WAT),18:51 (WAT),18:51 (WAT),20:02 (WAT),05:33 (WAT),00:57 (WAT),22:55 (WAT),02:59 (WAT),18 Jan 2026,1768723261,18-01-2026,DD-MM-YYYY,18,Sunday,1,January,2026,AD,Anno Domini,false,29-07-1447,DD-MM-YYYY,29,Al Ahad,الاحد,7,Rajab,رَجَب,30,1447,AH,Anno Hegirae,HJCoSA,8.8888888,7.7777777,Africa/Lagos,5,Egyptian General Authority of Survey,19.5,17.5,30.0444196,31.2357116,ANGLE_BASED,STANDARD,STANDARD,0,0,0,0,0,0,0,0,0,,,,,,,
05:43 (WAT),07:03 (WAT),12:57 (WAT),16:19 (WAT),18:51 (WAT),18:51 (WAT),20:03 (WAT),05:33 (WAT),00:57 (WAT),22:55 (WAT),02:59 (WAT),19 Jan 2026,1768809661,19-01-2026,DD-MM-YYYY,19,Monday,1,January,2026,AD,Anno Domini,false,30-07-1447,DD-MM-YYYY,30,Al Athnayn,الاثنين,7,Rajab,رَجَب,30,1447,AH,Anno Hegirae,HJCoSA,8.8888888,7.7777777,Africa/Lagos,5,Egyptian General Authority of Survey,19.5,17.5,30.0444196,31.2357116,ANGLE_BASED,STANDARD,STANDARD,0,0,0,0,0,0,0,0,0,,,,,,,
05:44 (WAT),07:03 (WAT),12:58 (WAT),16:19 (WAT),18:52 (WAT),18:52 (WAT),20:03 (WAT),05:34 (WAT),00:58 (WAT),22:56 (WAT),03:00 (WAT),20 Jan 2026,1768896061,20-01-2026,DD-MM-YYYY,20,Tuesday,1,January,2026,AD,Anno Domini,false,01-08-1447,DD-MM-YYYY,1,Al Thalaata,الثلاثاء,8,Shaʿbān,شَعْبان,29,1447,AH,Anno Hegirae,HJCoSA,8.8888888,7.7777777,Africa/Lagos,5,Egyptian General Authority of Survey,19.5,17.5,30.0444196,31.2357116,ANGLE_BASED,STANDARD,STANDARD,0,0,0,0,0,0,0,0,0,,,,,,,
05:44 (WAT),07:04 (WAT),12:58 (WAT),16:20 (WAT),18:52 (WAT),18:52 (WAT),20:03 (WAT),05:34 (WAT),00:58 (WAT),22:56 (WAT),03:00 (WAT),21 Jan 2026,1768982461,21-01-2026,DD-MM-YYYY,21,Wednesday,1,January,2026,AD,Anno Domini,false,02-08-1447,DD-MM-YYYY,2,Al Arba'a,الاربعاء,8,Shaʿbān,شَعْبان,29,1447,AH,Anno Hegirae,HJCoSA,8.8888888,7.7777777,Africa/Lagos,5,Egyptian General Authority of Survey,19.5,17.5,30.0444196,31.2357116,ANGLE_BASED,STANDARD,STANDARD,0,0,0,0,0,0,0,0,0,,,,,,,
05:44 (WAT),07:04 (WAT),12:58 (WAT),16:20 (WAT),18:53 (WAT),18:53 (WAT),20:04 (WAT),05:34 (WAT),00:58 (WAT),22:56 (WAT),03:00 (WAT),22 Jan 2026,1769068861,22-01-2026,DD-MM-YYYY,22,Thursday,1,January,2026,AD,Anno Domini,false,03-08-1447,DD-MM-YYYY,3,Al Khamees,الخميس,8,Shaʿbān,شَعْبان,29,1447,AH,Anno Hegirae,HJCoSA,8.8888888,7.7777777,Africa/Lagos,5,Egyptian General Authority of Survey,19.5,17.5,30.0444196,31.2357116,ANGLE_BASED,STANDARD,STANDARD,0,0,0,0,0,0,0,0,0,Birth of Sayyidina Husayn ibn `Ali (ر),,,,,,
05:45 (WAT),07:04 (WAT),12:58 (WAT),16:20 (WAT),18:53 (WAT),18:53 (WAT),20:04 (WAT),05:35 (WAT),00:58 (WAT),22:57 (WAT),03:00 (WAT),23 Jan 2026,1769155261,23-01-2026,DD-MM-YYYY,23,Friday,1,January,2026,AD,Anno Domini,false,04-08-1447,DD-MM-YYYY,4,Al Juma'a,الجمعة,8,Shaʿbān,شَعْبان,29,1447,AH,Anno Hegirae,HJCoSA,8.8888888,7.7777777,Africa/Lagos,5,Egyptian General Authority of Survey,19.5,17.5,30.0444196,31.2357116,ANGLE_BASED,STANDARD,STANDARD,0,0,0,0,0,0,0,0,0,Birth of Sayyidina Abbas ibn `Ali (ر),,,,,,
05:45 (WAT),07:04 (WAT),12:59 (WAT),16:20 (WAT),18:53 (WAT),18:53 (WAT),20:04 (WAT),05:35 (WAT),00:59 (WAT),22:57 (WAT),03:01 (WAT),24 Jan 2026,1769241661,24-01-2026,DD-MM-YYYY,24,Saturday,1,January,2026,AD,Anno Domini,false,05-08-1447,DD-MM-YYYY,5,Al Sabt,السبت,8,Shaʿbān,شَعْبان,29,1447,AH,Anno Hegirae,HJCoSA,8.8888888,7.7777777,Africa/Lagos,5,Egyptian General Authority of Survey,19.5,17.5,30.0444196,31.2357116,ANGLE_BASED,STANDARD,STANDARD,0,0,0,0,0,0,0,0,0,Birth of Sayyidina `Ali ibn Husayn (ر),Urs of Imam Shamil al-Daghestani (ق),,,,,
05:45 (WAT),07:04 (WAT),12:59 (WAT),16:21 (WAT),18:54 (WAT),18:54 (WAT),20:04 (WAT),05:35 (WAT),00:59 (WAT),22:57 (WAT),03:01 (WAT),25 Jan 2026,1769328061,25-01-2026,DD-MM-YYYY,25,Sunday,1,January,2026,AD,Anno Domini,false,06-08-1447,DD-MM-YYYY,6,Al Ahad,الاحد,8,Shaʿbān,شَعْبان,29,1447,AH,Anno Hegirae,HJCoSA,8.8888888,7.7777777,Africa/Lagos,5,Egyptian General Authority of Survey,19.5,17.5,30.0444196,31.2357116,ANGLE_BASED,STANDARD,STANDARD,0,0,0,0,0,0,0,0,0,,,,,,,
05:45 (WAT),07:04 (WAT),12:59 (WAT),16:21 (WAT),18:54 (WAT),18:54 (WAT),20:05 (WAT),05:35 (WAT),00:59 (WAT),22:57 (WAT),03:01 (WAT),26 Jan 2026,1769414461,26-01-2026,DD-MM-YYYY,26,Monday,1,January,2026,AD,Anno Domini,false,07-08-1447,DD-MM-YYYY,7,Al Athnayn,الاثنين,8,Shaʿbān,شَعْبان,29,1447,AH,Anno Hegirae,HJCoSA,8.8888888,7.7777777,Africa/Lagos,5,Egyptian General Authority of Survey,19.5,17.5,30.0444196,31.2357116,ANGLE_BASED,STANDARD,STANDARD,0,0,0,0,0,0,0,0,0,Birth of Sayyidina Qasim ibn Hasan (ر),,,,,,
05:46 (WAT),07:04 (WAT),12:59 (WAT),16:21 (WAT),18:54 (WAT),18:54 (WAT),20:05 (WAT),05:36 (WAT),00:59 (WAT),22:58 (WAT),03:01 (WAT),27 Jan 2026,1769500861,27-01-2026,DD-MM-YYYY,27,Tuesday,1,January,2026,AD,Anno Domini,false,08-08-1447,DD-MM-YYYY,8,Al Thalaata,الثلاثاء,8,Shaʿbān,شَعْبان,29,1447,AH,Anno Hegirae,HJCoSA,8.8888888,7.7777777,Africa/Lagos,5,Egyptian General Authority of Survey,19.5,17.5,30.0444196,31.2357116,ANGLE_BASED,STANDARD,STANDARD,0,0,0,0,0,0,0,0,0,,,,,,,
05:46 (WAT),07:04 (WAT),13:00 (WAT),16:21 (WAT),18:55 (WAT),18:55 (WAT),20:05 (WAT),05:36 (WAT),01:00 (WAT),22:58 (WAT),03:01 (WAT),28 Jan 2026,1769587261,28-01-2026,DD-MM-YYYY,28,Wednesday,1,January,2026,AD,Anno Domini,false,09-08-1447,DD-MM-YYYY,9,Al Arba'a,الاربعاء,8,Shaʿbān,شَعْبان,29,1447,AH,Anno Hegirae,HJCoSA,8.8888888,7.7777777,Africa/Lagos,5,Egyptian General Authority of Survey,19.5,17.5,30.0444196,31.2357116,ANGLE_BASED,STANDARD,STANDARD,0,0,0,0,0,0,0,0,0,,,,,,,
05:46 (WAT),07:05 (WAT),13:00 (WAT),16:21 (WAT),18:55 (WAT),18:55 (WAT),20:05 (WAT),05:36 (WAT),01:00 (WAT),22:58 (WAT),03:01 (WAT),29 Jan 2026,1769673661,29-01-2026,DD-MM-YYYY,29,Thursday,1,January,2026,AD,Anno Domini,false,10-08-1447,DD-MM-YYYY,10,Al Khamees,الخميس,8,Shaʿbān,شَعْبان,29,1447,AH,Anno Hegirae,HJCoSA,8.8888888,7.7777777,Africa/Lagos,5,Egyptian General Authority of Survey,19.5,17.5,30.0444196,31.2357116,ANGLE_BASED,STANDARD,STANDARD,0,0,0,0,0,0,0,0,0,,,,,,,
05:46 (WAT),07:05 (WAT),13:00 (WAT),16:21 (WAT),18:55 (WAT),18:55 (WAT),20:05 (WAT),05:36 (WAT),01:00 (WAT),22:58 (WAT),03:01 (WAT),30 Jan 2026,1769760061,30-01-2026,DD-MM-YYYY,30,Friday,1,January,2026,AD,Anno Domini,false,11-08-1447,DD-MM-YYYY,11,Al Juma'a,الجمعة,8,Shaʿbān,شَعْبان,29,1447,AH,Anno Hegirae,HJCoSA,8.8888888,7.7777777,Africa/Lagos,5,Egyptian General Authority of Survey,19.5,17.5,30.0444196,31.2357116,ANGLE_BASED,STANDARD,STANDARD,0,0,0,0,0,0,0,0,0,Birth of Sayyidina Ali Akbar ibn Husayn (ر),,,,,,
05:46 (WAT),07:05 (WAT),13:00 (WAT),16:22 (WAT),18:56 (WAT),18:56 (WAT),20:06 (WAT),05:36 (WAT),01:00 (WAT),22:59 (WAT),03:02 (WAT),31 Jan 2026,1769846461,31-01-2026,DD-MM-YYYY,31,Saturday,1,January,2026,AD,Anno Domini,false,12-08-1447,DD-MM-YYYY,12,Al Sabt,السبت,8,Shaʿbān,شَعْبان,29,1447,AH,Anno Hegirae,HJCoSA,8.8888888,7.7777777,Africa/Lagos,5,Egyptian General Authority of Survey,19.5,17.5,30.0444196,31.2357116,ANGLE_BASED,STANDARD,STANDARD,0,0,0,0,0,0,0,0,0,,,,,,,
05:46 (WAT),07:05 (WAT),13:00 (WAT),16:22 (WAT),18:56 (WAT),18:56 (WAT),20:06 (WAT),05:36 (WAT),01:00 (WAT),22:59 (WAT),03:02 (WAT),01 Feb 2026,1769932861,01-02-2026,DD-MM-YYYY,01,Sunday,2,February,2026,AD,Anno Domini,false,13-08-1447,DD-MM-YYYY,13,Al Ahad,الاحد,8,Shaʿbān,شَعْبان,29,1447,AH,Anno Hegirae,HJCoSA,8.8888888,7.7777777,Africa/Lagos,5,Egyptian General Authority of Survey,19.5,17.5,30.0444196,31.2357116,ANGLE_BASED,STANDARD,STANDARD,0,0,0,0,0,0,0,0,0,,,,,,,
05:46 (WAT),07:05 (WAT),13:00 (WAT),16:22 (WAT),18:56 (WAT),18:56 (WAT),20:06 (WAT),05:36 (WAT),01:00 (WAT),22:59 (WAT),03:02 (WAT),02 Feb 2026,1770019261,02-02-2026,DD-MM-YYYY,02,Monday,2,February,2026,AD,Anno Domini,false,14-08-1447,DD-MM-YYYY,14,Al Athnayn,الاثنين,8,Shaʿbān,شَعْبان,29,1447,AH,Anno Hegirae,HJCoSA,8.8888888,7.7777777,Africa/Lagos,5,Egyptian General Authority of Survey,19.5,17.5,30.0444196,31.2357116,ANGLE_BASED,STANDARD,STANDARD,0,0,0,0,0,0,0,0,0,,,,,,,
05:46 (WAT),07:05 (WAT),13:00 (WAT),16:22 (WAT),18:56 (WAT),18:56 (WAT),20:06 (WAT),05:36 (WAT),01:00 (WAT),22:59 (WAT),03:02 (WAT),03 Feb 2026,1770105661,03-02-2026,DD-MM-YYYY,03,Tuesday,2,February,2026,AD,Anno Domini,false,15-08-1447,DD-MM-YYYY,15,Al Thalaata,الثلاثاء,8,Shaʿbān,شَعْبان,29,1447,AH,Anno Hegirae,HJCoSA,8.8888888,7.7777777,Africa/Lagos,5,Egyptian General Authority of Survey,19.5,17.5,30.0444196,31.2357116,ANGLE_BASED,STANDARD,STANDARD,0,0,0,0,0,0,0,0,0,Lailat-ul-Bara'at,Urs of Sayyidina Abu Yazid al-Bistami (ق),,,,,
05:47 (WAT),07:05 (WAT),13:01 (WAT),16:22 (WAT),18:57 (WAT),18:57 (WAT),20:06 (WAT),05:37 (WAT),01:01 (WAT),22:59 (WAT),03:02 (WAT),04 Feb 2026,1770192061,04-02-2026,DD-MM-YYYY,04,Wednesday,2,February,2026,AD,Anno Domini,false,16-08-1447,DD-MM-YYYY,16,Al Arba'a,الاربعاء,8,Shaʿbān,شَعْبان,29,1447,AH,Anno Hegirae,HJCoSA,8.8888888,7.7777777,Africa/Lagos,5,Egyptian General Authority of Survey,19.5,17.5,30.0444196,31.2357116,ANGLE_BASED,STANDARD,STANDARD,0,0,0,0,0,0,0,0,0,,,,,,,
05:47 (WAT),07:04 (WAT),13:01 (WAT),16:22 (WAT),18:57 (WAT),18:57 (WAT),20:06 (WAT),05:37 (WAT),01:01 (WAT),22:59 (WAT),03:02 (WAT),05 Feb 2026,1770278461,05-02-2026,DD-MM-YYYY,05,Thursday,2,February,2026,AD,Anno Domini,false,17-08-1447,DD-MM-YYYY,17,Al Khamees,الخميس,8,Shaʿbān,شَعْبان,29,1447,AH,Anno Hegirae,HJCoSA,8.8888888,7.7777777,Africa/Lagos,5,Egyptian General Authority of Survey,19.5,17.5,30.0444196,31.2357116,ANGLE_BASED,STANDARD,STANDARD,0,0,0,0,0,0,0,0,0,,,,,,,
05:47 (WAT),07:04 (WAT),13:01 (WAT),16:22 (WAT),18:57 (WAT),18:57 (WAT),20:06 (WAT),05:37 (WAT),01:01 (WAT),22:59 (WAT),03:02 (WAT),06 Feb 2026,1770364861,06-02-2026,DD-MM-YYYY,06,Friday,2,February,2026,AD,Anno Domini,false,18-08-1447,DD-MM-YYYY,18,Al Juma'a,الجمعة,8,Shaʿbān,شَعْبان,29,1447,AH,Anno Hegirae,HJCoSA,8.8888888,7.7777777,Africa/Lagos,5,Egyptian General Authority of Survey,19.5,17.5,30.0444196,31.2357116,ANGLE_BASED,STANDARD,STANDARD,0,0,0,0,0,0,0,0,0,,,,,,,
05:47 (WAT),07:04 (WAT),13:01 (WAT),16:22 (WAT),18:57 (WAT),18:57 (WAT),20:06 (WAT),05:37 (WAT),01:01 (WAT),23:00 (WAT),03:02 (WAT),07 Feb 2026,1770451261,07-02-2026,DD-MM-YYYY,07,Saturday,2,February,2026,AD,Anno Domini,false,19-08-1447,DD-MM-YYYY,19,Al Sabt,السبت,8,Shaʿbān,شَعْبان,29,1447,AH,Anno Hegirae,HJCoSA,8.8888888,7.7777777,Africa/Lagos,5,Egyptian General Authority of Survey,19.5,17.5,30.0444196,31.2357116,ANGLE_BASED,STANDARD,STANDARD,0,0,0,0,0,0,0,0,0,,,,,,,
05:47 (WAT),07:04 (WAT),13:01 (WAT),16:22 (WAT),18:57 (WAT),18:57 (WAT),20:07 (WAT),05:37 (WAT),01:01 (WAT),23:00 (WAT),03:02 (WAT),08 Feb 2026,1770537661,08-02-2026,DD-MM-YYYY,08,Sunday,2,February,2026,AD,Anno Domini,false,20-08-1447,DD-MM-YYYY,20,Al Ahad,الاحد,8,Shaʿbān,شَعْبان,29,1447,AH,Anno Hegirae,HJCoSA,8.8888888,7.7777777,Africa/Lagos,5,Egyptian General Authority of Survey,19.5,17.5,30.0444196,31.2357116,ANGLE_BASED,STANDARD,STANDARD,0,0,0,0,0,0,0,0,0,,,,,,,
05:47 (WAT),07:04 (WAT),13:01 (WAT),16:22 (WAT),18:58 (WAT),18:58 (WAT),20:07 (WAT),05:37 (WAT),01:01 (WAT),23:00 (WAT),03:02 (WAT),09 Feb 2026,1770624061,09-02-2026,DD-MM-YYYY,09,Monday,2,February,2026,AD,Anno Domini,false,21-08-1447,DD-MM-YYYY,21,Al Athnayn,الاثنين,8,Shaʿbān,شَعْبان,29,1447,AH,Anno Hegirae,HJCoSA,8.8888888,7.7777777,Africa/Lagos,5,Egyptian General Authority of Survey,19.5,17.5,30.0444196,31.2357116,ANGLE_BASED,STANDARD,STANDARD,0,0,0,0,0,0,0,0,0,,,,,,,
05:47 (WAT),07:04 (WAT),13:01 (WAT),16:22 (WAT),18:58 (WAT),18:58 (WAT),20:07 (WAT),05:37 (WAT),01:01 (WAT),23:00 (WAT),03:02 (WAT),10 Feb 2026,1770710461,10-02-2026,DD-MM-YYYY,10,Tuesday,2,February,2026,AD,Anno Domini,false,22-08-1447,DD-MM-YYYY,22,Al Thalaata,الثلاثاء,8,Shaʿbān,شَعْبان,29,1447,AH,Anno Hegirae,HJCoSA,8.8888888,7.7777777,Africa/Lagos,5,Egyptian General Authority of Survey,19.5,17.5,30.0444196,31.2357116,ANGLE_BASED,STANDARD,STANDARD,0,0,0,0,0,0,0,0,0,Urs of Muhammad Usman Damani (ق),,,,,,
05:47 (WAT),07:04 (WAT),13:01 (WAT),16:22 (WAT),18:58 (WAT),18:58 (WAT),20:07 (WAT),05:37 (WAT),01:01 (WAT),23:00 (WAT),03:02 (WAT),11 Feb 2026,1770796861,11-02-2026,DD-MM-YYYY,11,Wednesday,2,February,2026,AD,Anno Domini,false,23-08-1447,DD-MM-YYYY,23,Al Arba'a,الاربعاء,8,Shaʿbān,شَعْبان,29,1447,AH,Anno Hegirae,HJCoSA,8.8888888,7.7777777,Africa/Lagos,5,Egyptian General Authority of Survey,19.5,17.5,30.0444196,31.2357116,ANGLE_BASED,STANDARD,STANDARD,0,0,0,0,0,0,0,0,0,,,,,,,
05:47 (WAT),07:04 (WAT),13:01 (WAT),16:21 (WAT),18:58 (WAT),18:58 (WAT),20:07 (WAT),05:37 (WAT),01:01 (WAT),23:00 (WAT),03:02 (WAT),12 Feb 2026,1770883261,12-02-2026,DD-MM-YYYY,12,Thursday,2,February,2026,AD,Anno Domini,false,24-08-1447,DD-MM-YYYY,24,Al Khamees,الخميس,8,Shaʿbān,شَعْبان,29,1447,AH,Anno Hegirae,HJCoSA,8.8888888,7.7777777,Africa/Lagos,5,Egyptian General Authority of Survey,19.5,17.5,30.0444196,31.2357116,ANGLE_BASED,STANDARD,STANDARD,0,0,0,0,0,0,0,0,0,,,,,,,
05:47 (WAT),07:03 (WAT),13:01 (WAT),16:21 (WAT),18:58 (WAT),18:58 (WAT),20:07 (WAT),05:37 (WAT),01:01 (WAT),23:00 (WAT),03:02 (WAT),13 Feb 2026,1770969661,13-02-2026,DD-MM-YYYY,13,Friday,2,February,2026,AD,Anno Domini,false,25-08-1447,DD-MM-YYYY,25,Al Juma'a,الجمعة,8,Shaʿbān,شَعْبان,29,1447,AH,Anno Hegirae,HJCoSA,8.8888888,7.7777777,Africa/Lagos,5,Egyptian General Authority of Survey,19.5,17.5,30.0444196,31.2357116,ANGLE_BASED,STANDARD,STANDARD,0,0,0,0,0,0,0,0,0,,,,,,,
05:46 (WAT),07:03 (WAT),13:01 (WAT),16:21 (WAT),18:58 (WAT),18:58 (WAT),20:07 (WAT),05:36 (WAT),01:01 (WAT),23:00 (WAT),03:02 (WAT),14 Feb 2026,1771056061,14-02-2026,DD-MM-YYYY,14,Saturday,2,February,2026,AD,Anno Domini,false,26-08-1447,DD-MM-YYYY,26,Al Sabt,السبت,8,Shaʿbān,شَعْبان,29,1447,AH,Anno Hegirae,HJCoSA,8.8888888,7.7777777,Africa/Lagos,5,Egyptian General Authority of Survey,19.5,17.5,30.0444196,31.2357116,ANGLE_BASED,STANDARD,STANDARD,0,0,0,0,0,0,0,0,0,,,,,,,
05:46 (WAT),07:03 (WAT),13:01 (WAT),16:21 (WAT),18:58 (WAT),18:58 (WAT),20:07 (WAT),05:36 (WAT),01:01 (WAT),23:00 (WAT),03:02 (WAT),15 Feb 2026,1771142461,15-02-2026,DD-MM-YYYY,15,Sunday,2,February,2026,AD,Anno Domini,false,27-08-1447,DD-MM-YYYY,27,Al Ahad,الاحد,8,Shaʿbān,شَعْبان,29,1447,AH,Anno Hegirae,HJCoSA,8.8888888,7.7777777,Africa/Lagos,5,Egyptian General Authority of Survey,19.5,17.5,30.0444196,31.2357116,ANGLE_BASED,STANDARD,STANDARD,0,0,0,0,0,0,0,0,0,,,,,,,
05:46 (WAT),07:03 (WAT),13:01 (WAT),16:21 (WAT),18:58 (WAT),18:58 (WAT),20:07 (WAT),05:36 (WAT),01:01 (WAT),23:00 (WAT),03:01 (WAT),16 Feb 2026,1771228861,16-02-2026,DD-MM-YYYY,16,Monday,2,February,2026,AD,Anno Domini,false,28-08-1447,DD-MM-YYYY,28,Al Athnayn,الاثنين,8,Shaʿbān,شَعْبان,29,1447,AH,Anno Hegirae,HJCoSA,8.8888888,7.7777777,Africa/Lagos,5,Egyptian General Authority of Survey,19.5,17.5,30.0444196,31.2357116,ANGLE_BASED,STANDARD,STANDARD,0,0,0,0,0,0,0,0,0,,,,,,,
05:46 (WAT),07:03 (WAT),13:01 (WAT),16:20 (WAT),18:59 (WAT),18:59 (WAT),20:07 (WAT),05:36 (WAT),01:01 (WAT),23:00 (WAT),03:01 (WAT),17 Feb 2026,1771315261,17-02-2026,DD-MM-YYYY,17,Tuesday,2,February,2026,AD,Anno Domini,false,29-08-1447,DD-MM-YYYY,29,Al Thalaata,الثلاثاء,8,Shaʿbān,شَعْبان,29,1447,AH,Anno Hegirae,HJCoSA,8.8888888,7.7777777,Africa/Lagos,5,Egyptian General Authority of Survey,19.5,17.5,30.0444196,31.2357116,ANGLE_BASED,STANDARD,STANDARD,0,0,0,0,0,0,0,0,0,,,,,,,
05:46 (WAT),07:02 (WAT),13:01 (WAT),16:20 (WAT),18:59 (WAT),18:59 (WAT),20:07 (WAT),05:36 (WAT),01:01 (WAT),23:00 (WAT),03:01 (WAT),18 Feb 2026,1771401661,18-02-2026,DD-MM-YYYY,18,Wednesday,2,February,2026,AD,Anno Domini,false,01-09-1447,DD-MM-YYYY,1,Al Arba'a,الاربعاء,9,Ramaḍān,رَمَضان,30,1447,AH,Anno Hegirae,HJCoSA,8.8888888,7.7777777,Africa/Lagos,5,Egyptian General Authority of Survey,19.5,17.5,30.0444196,31.2357116,ANGLE_BASED,STANDARD,STANDARD,0,0,0,0,0,0,0,0,0,1st Day of Ramadan,,,,,,
05:46 (WAT),07:02 (WAT),13:00 (WAT),16:20 (WAT),18:59 (WAT),18:59 (WAT),20:07 (WAT),05:36 (WAT),01:00 (WAT),23:00 (WAT),03:01 (WAT),19 Feb 2026,1771488061,19-02-2026,DD-MM-YYYY,19,Thursday,2,February,2026,AD,Anno Domini,false,02-09-1447,DD-MM-YYYY,2,Al Khamees,الخميس,9,Ramaḍān,رَمَضان,30,1447,AH,Anno Hegirae,HJCoSA,8.8888888,7.7777777,Africa/Lagos,5,Egyptian General Authority of Survey,19.5,17.5,30.0444196,31.2357116,ANGLE_BASED,STANDARD,STANDARD,0,0,0,0,0,0,0,0,0,,,,,,,
05:46 (WAT),07:02 (WAT),13:00 (WAT),16:20 (WAT),18:59 (WAT),18:59 (WAT),20:07 (WAT),05:36 (WAT),01:00 (WAT),23:00 (WAT),03:01 (WAT),20 Feb 2026,1771574461,20-02-2026,DD-MM-YYYY,20,Friday,2,February,2026,AD,Anno Domini,false,03-09-1447,DD-MM-YYYY,3,Al Juma'a,الجمعة,9,Ramaḍān,رَمَضان,30,1447,AH,Anno Hegirae,HJCoSA,8.8888888,7.7777777,Africa/Lagos,5,Egyptian General Authority of Survey,19.5,17.5,30.0444196,31.2357116,ANGLE_BASED,STANDARD,STANDARD,0,0,0,0,0,0,0,0,0,,,,,,,
05:45 (WAT),07:02 (WAT),13:00 (WAT),16:19 (WAT),18:59 (WAT),18:59 (WAT),20:07 (WAT),05:35 (WAT),01:00 (WAT),23:00 (WAT),03:01 (WAT),21 Feb 2026,1771660861,21-02-2026,DD-MM-YYYY,21,Saturday,2,February,2026,AD,Anno Domini,false,04-09-1447,DD-MM-YYYY,4,Al Sabt,السبت,9,Ramaḍān,رَمَضان,30,1447,AH,Anno Hegirae,HJCoSA,8.8888888,7.7777777,Africa/Lagos,5,Egyptian General Authority of Survey,19.5,17.5,30.0444196,31.2357116,ANGLE_BASED,STANDARD,STANDARD,0,0,0,0,0,0,0,0,0,,,,,,,
05:45 (WAT),07:01 (WAT),13:00 (WAT),16:19 (WAT),18:59 (WAT),18:59 (WAT),20:07 (WAT),05:35 (WAT),01:00 (WAT),23:00 (WAT),03:01 (WAT),22 Feb 2026,1771747261,22-02-2026,DD-MM-YYYY,22,Sunday,2,February,2026,AD,Anno Domini,false,05-09-1447,DD-MM-YYYY,5,Al Ahad,الاحد,9,Ramaḍān,رَمَضان,30,1447,AH,Anno Hegirae,HJCoSA,8.8888888,7.7777777,Africa/Lagos,5,Egyptian General Authority of Survey,19.5,17.5,30.0444196,31.2357116,ANGLE_BASED,STANDARD,STANDARD,0,0,0,0,0,0,0,0,0,,,,,,,
05:45 (WAT),07:01 (WAT),13:00 (WAT),16:19 (WAT),18:59 (WAT),18:59 (WAT),20:07 (WAT),05:35 (WAT),01:00 (WAT),23:00 (WAT),03:00 (WAT),23 Feb 2026,1771833661,23-02-2026,DD-MM-YYYY,23,Monday,2,February,2026,AD,Anno Domini,false,06-09-1447,DD-MM-YYYY,6,Al Athnayn,الاثنين,9,Ramaḍān,رَمَضان,30,1447,AH,Anno Hegirae,HJCoSA,8.8888888,7.7777777,Africa/Lagos,5,Egyptian General Authority of Survey,19.5,17.5,30.0444196,31.2357116,ANGLE_BASED,STANDARD,STANDARD,0,0,0,0,0,0,0,0,0,,,,,,,
05:45 (WAT),07:01 (WAT),13:00 (WAT),16:18 (WAT),18:59 (WAT),18:59 (WAT),20:07 (WAT),05:35 (WAT),01:00 (WAT),23:00 (WAT),03:00 (WAT),24 Feb 2026,1771920061,24-02-2026,DD-MM-YYYY,24,Tuesday,2,February,2026,AD,Anno Domini,false,07-09-1447,DD-MM-YYYY,7,Al Thalaata,الثلاثاء,9,Ramaḍān,رَمَضان,30,1447,AH,Anno Hegirae,HJCoSA,8.8888888,7.7777777,Africa/Lagos,5,Egyptian General Authority of Survey,19.5,17.5,30.0444196,31.2357116,ANGLE_BASED,STANDARD,STANDARD,0,0,0,0,0,0,0,0,0,,,,,,,
05:45 (WAT),07:00 (WAT),13:00 (WAT),16:18 (WAT),18:59 (WAT),18:59 (WAT),20:07 (WAT),05:35 (WAT),01:00 (WAT),22:59 (WAT),03:00 (WAT),25 Feb 2026,1772006461,25-02-2026,DD-MM-YYYY,25,Wednesday,2,February,2026,AD,Anno Domini,false,08-09-1447,DD-MM-YYYY,8,Al Arba'a,الاربعاء,9,Ramaḍān,رَمَضان,30,1447,AH,Anno Hegirae,HJCoSA,8.8888888,7.7777777,Africa/Lagos,5,Egyptian General Authority of Survey,19.5,17.5,30.0444196,31.2357116,ANGLE_BASED,STANDARD,STANDARD,0,0,0,0,0,0,0,0,0,,,,,,,
05:44 (WAT),07:00 (WAT),12:59 (WAT),16:18 (WAT),18:59 (WAT),18:59 (WAT),20:07 (WAT),05:34 (WAT),01:00 (WAT),22:59 (WAT),03:00 (WAT),26 Feb 2026,1772092861,26-02-2026,DD-MM-YYYY,26,Thursday,2,February,2026,AD,Anno Domini,false,09-09-1447,DD-MM-YYYY,9,Al Khamees,الخميس,9,Ramaḍān,رَمَضان,30,1447,AH,Anno Hegirae,HJCoSA,8.8888888,7.7777777,Africa/Lagos,5,Egyptian General Authority of Survey,19.5,17.5,30.0444196,31.2357116,ANGLE_BASED,STANDARD,STANDARD,0,0,0,0,0,0,0,0,0,,,,,,,
05:44 (WAT),07:00 (WAT),12:59 (WAT),16:17 (WAT),18:59 (WAT),18:59 (WAT),20:07 (WAT),05:34 (WAT),00:59 (WAT),22:59 (WAT),02:59 (WAT),27 Feb 2026,1772179261,27-02-2026,DD-MM-YYYY,27,Friday,2,February,2026,AD,Anno Domini,false,10-09-1447,DD-MM-YYYY,10,Al Juma'a,الجمعة,9,Ramaḍān,رَمَضان,30,1447,AH,Anno Hegirae,HJCoSA,8.8888888,7.7777777,Africa/Lagos,5,Egyptian General Authority of Survey,19.5,17.5,30.0444196,31.2357116,ANGLE_BASED,STANDARD,STANDARD,0,0,0,0,0,0,0,0,0,,,,,,,
05:44 (WAT),06:59 (WAT),12:59 (WAT),16:17 (WAT),18:59 (WAT),18:59 (WAT),20:07 (WAT),05:34 (WAT),00:59 (WAT),22:59 (WAT),02:59 (WAT),28 Feb 2026,1772265661,28-02-2026,DD-MM-YYYY,28,Saturday,2,February,2026,AD,Anno Domini,false,11-09-1447,DD-MM-YYYY,11,Al Sabt,السبت,9,Ramaḍān,رَمَضان,30,1447,AH,Anno Hegirae,HJCoSA,8.8888888,7.7777777,Africa/Lagos,5,Egyptian General Authority of Survey,19.5,17.5,30.0444196,31.2357116,ANGLE_BASED,STANDARD,STANDARD,0,0,0,0,0,0,0,0,0,,,,,,,
05:43 (WAT),06:59 (WAT),12:59 (WAT),16:16 (WAT),18:59 (WAT),18:59 (WAT),20:06 (WAT),05:33 (WAT),00:59 (WAT),22:59 (WAT),02:59 (WAT),01 Mar 2026,1772352061,01-03-2026,DD-MM-YYYY,01,Sunday,3,March,2026,AD,Anno Domini,false,12-09-1447,DD-MM-YYYY,12,Al Ahad,الاحد,9,Ramaḍān,رَمَضان,30,1447,AH,Anno Hegirae,HJCoSA,8.8888888,7.7777777,Africa/Lagos,5,Egyptian General Authority of Survey,19.5,17.5,30.0444196,31.2357116,ANGLE_BASED,STANDARD,STANDARD,0,0,0,0,0,0,0,0,0,,,,,,,
05:43 (WAT),06:59 (WAT),12:59 (WAT),16:16 (WAT),18:59 (WAT),18:59 (WAT),20:06 (WAT),05:33 (WAT),00:59 (WAT),22:59 (WAT),02:59 (WAT),02 Mar 2026,1772438461,02-03-2026,DD-MM-YYYY,02,Monday,3,March,2026,AD,Anno Domini,false,13-09-1447,DD-MM-YYYY,13,Al Athnayn,الاثنين,9,Ramaḍān,رَمَضان,30,1447,AH,Anno Hegirae,HJCoSA,8.8888888,7.7777777,Africa/Lagos,5,Egyptian General Authority of Survey,19.5,17.5,30.0444196,31.2357116,ANGLE_BASED,STANDARD,STANDARD,0,0,0,0,0,0,0,0,0,,,,,,,
05:43 (WAT),06:58 (WAT),12:59 (WAT),16:15 (WAT),18:59 (WAT),18:59 (WAT),20:06 (WAT),05:33 (WAT),00:59 (WAT),22:59 (WAT),02:58 (WAT),03 Mar 2026,1772524861,03-03-2026,DD-MM-YYYY,03,Tuesday,3,March,2026,AD,Anno Domini,false,14-09-1447,DD-MM-YYYY,14,Al Thalaata,الثلاثاء,9,Ramaḍān,رَمَضان,30,1447,AH,Anno Hegirae,HJCoSA,8.8888888,7.7777777,Africa/Lagos,5,Egyptian General Authority of Survey,19.5,17.5,30.0444196,31.2357116,ANGLE_BASED,STANDARD,STANDARD,0,0,0,0,0,0,0,0,0,,,,,,,
05:42 (WAT),06:58 (WAT),12:58 (WAT),16:15 (WAT),18:59 (WAT),18:59 (WAT),20:06 (WAT),05:32 (WAT),00:58 (WAT),22:59 (WAT),02:58 (WAT),04 Mar 2026,1772611261,04-03-2026,DD-MM-YYYY,04,Wednesday,3,March,2026,AD,Anno Domini,false,15-09-1447,DD-MM-YYYY,15,Al Arba'a,الاربعاء,9,Ramaḍān,رَمَضان,30,1447,AH,Anno Hegirae,HJCoSA,8.8888888,7.7777777,Africa/Lagos,5,Egyptian General Authority of Survey,19.5,17.5,30.0444196,31.2357116,ANGLE_BASED,STANDARD,STANDARD,0,0,0,0,0,0,0,0,0,,,,,,,
05:42 (WAT),06:58 (WAT),12:58 (WAT),16:14 (WAT),18:59 (WAT),18:59 (WAT),20:06 (WAT),05:32 (WAT),00:58 (WAT),22:58 (WAT),02:58 (WAT),05 Mar 2026,1772697661,05-03-2026,DD-MM-YYYY,05,Thursday,3,March,2026,AD,Anno Domini,false,16-09-1447,DD-MM-YYYY,16,Al Khamees,الخميس,9,Ramaḍān,رَمَضان,30,1447,AH,Anno Hegirae,HJCoSA,8.8888888,7.7777777,Africa/Lagos,5,Egyptian General Authority of Survey,19.5,17.5,30.0444196,31.2357116,ANGLE_BASED,STANDARD,STANDARD,0,0,0,0,0,0,0,0,0,,,,,,,
05:42 (WAT),06:57 (WAT),12:58 (WAT),16:14 (WAT),18:59 (WAT),18:59 (WAT),20:06 (WAT),05:32 (WAT),00:58 (WAT),22:58 (WAT),02:58 (WAT),06 Mar 2026,1772784061,06-03-2026,DD-MM-YYYY,06,Friday,3,March,2026,AD,Anno Domini,false,17-09-1447,DD-MM-YYYY,17,Al Juma'a,الجمعة,9,Ramaḍān,رَمَضان,30,1447,AH,Anno Hegirae,HJCoSA,8.8888888,7.7777777,Africa/Lagos,5,Egyptian General Authority of Survey,19.5,17.5,30.0444196,31.2357116,ANGLE_BASED,STANDARD,STANDARD,0,0,0,0,0,0,0,0,0,,,,,,,
05:41 (WAT),06:57 (WAT),12:58 (WAT),16:13 (WAT),18:59 (WAT),18:59 (WAT),20:06 (WAT),05:31 (WAT),00:58 (WAT),22:58 (WAT),02:57 (WAT),07 Mar 2026,1772870461,07-03-2026,DD-MM-YYYY,07,Saturday,3,March,2026,AD,Anno Domini,false,18-09-1447,DD-MM-YYYY,18,Al Sabt,السبت,9,Ramaḍān,رَمَضان,30,1447,AH,Anno Hegirae,HJCoSA,8.8888888,7.7777777,Africa/Lagos,5,Egyptian General Authority of Survey,19.5,17.5,30.0444196,31.2357116,ANGLE_BASED,STANDARD,STANDARD,0,0,0,0,0,0,0,0,0,,,,,,,
05:41 (WAT),06:56 (WAT),12:57 (WAT),16:13 (WAT),18:59 (WAT),18:59 (WAT),20:06 (WAT),05:31 (WAT),00:57 (WAT),22:58 (WAT),02:57 (WAT),08 Mar 2026,1772956861,08-03-2026,DD-MM-YYYY,08,Sunday,3,March,2026,AD,Anno Domini,false,19-09-1447,DD-MM-YYYY,19,Al Ahad,الاحد,9,Ramaḍān,رَمَضان,30,1447,AH,Anno Hegirae,HJCoSA,8.8888888,7.7777777,Africa/Lagos,5,Egyptian General Authority of Survey,19.5,17.5,30.0444196,31.2357116,ANGLE_BASED,STANDARD,STANDARD,0,0,0,0,0,0,0,0,0,,,,,,,
05:41 (WAT),06:56 (WAT),12:57 (WAT),16:12 (WAT),18:58 (WAT),18:58 (WAT),20:06 (WAT),05:31 (WAT),00:57 (WAT),22:58 (WAT),02:57 (WAT),09 Mar 2026,1773043261,09-03-2026,DD-MM-YYYY,09,Monday,3,March,2026,AD,Anno Domini,false,20-09-1447,DD-MM-YYYY,20,Al Athnayn,الاثنين,9,Ramaḍān,رَمَضان,30,1447,AH,Anno Hegirae,HJCoSA,8.8888888,7.7777777,Africa/Lagos,5,Egyptian General Authority of Survey,19.5,17.5,30.0444196,31.2357116,ANGLE_BASED,STANDARD,STANDARD,0,0,0,0,0,0,0,0,0,,,,,,,
05:40 (WAT),06:55 (WAT),12:57 (WAT),16:11 (WAT),18:58 (WAT),18:58 (WAT),20:06 (WAT),05:30 (WAT),00:57 (WAT),22:57 (WAT),02:56 (WAT),10 Mar 2026,1773129661,10-03-2026,DD-MM-YYYY,10,Tuesday,3,March,2026,AD,Anno Domini,false,21-09-1447,DD-MM-YYYY,21,Al Thalaata,الثلاثاء,9,Ramaḍān,رَمَضان,30,1447,AH,Anno Hegirae,HJCoSA,8.8888888,7.7777777,Africa/Lagos,5,Egyptian General Authority of Survey,19.5,17.5,30.0444196,31.2357116,ANGLE_BASED,STANDARD,STANDARD,0,0,0,0,0,0,0,0,0,Lailat-ul-Qadr,,,,,,
05:40 (WAT),06:55 (WAT),12:57 (WAT),16:11 (WAT),18:58 (WAT),18:58 (WAT),20:05 (WAT),05:30 (WAT),00:57 (WAT),22:57 (WAT),02:56 (WAT),11 Mar 2026,1773216061,11-03-2026,DD-MM-YYYY,11,Wednesday,3,March,2026,AD,Anno Domini,false,22-09-1447,DD-MM-YYYY,22,Al Arba'a,الاربعاء,9,Ramaḍān,رَمَضان,30,1447,AH,Anno Hegirae,HJCoSA,8.8888888,7.7777777,Africa/Lagos,5,Egyptian General Authority of Survey,19.5,17.5,30.0444196,31.2357116,ANGLE_BASED,STANDARD,STANDARD,0,0,0,0,0,0,0,0,0,,,,,,,
05:39 (WAT),06:55 (WAT),12:56 (WAT),16:10 (WAT),18:58 (WAT),18:58 (WAT),20:05 (WAT),05:29 (WAT),00:56 (WAT),22:57 (WAT),02:56 (WAT),12 Mar 2026,1773302461,12-03-2026,DD-MM-YYYY,12,Thursday,3,March,2026,AD,Anno Domini,false,23-09-1447,DD-MM-YYYY,23,Al Khamees,الخميس,9,Ramaḍān,رَمَضان,30,1447,AH,Anno Hegirae,HJCoSA,8.8888888,7.7777777,Africa/Lagos,5,Egyptian General Authority of Survey,19.5,17.5,30.0444196,31.2357116,ANGLE_BASED,STANDARD,STANDARD,0,0,0,0,0,0,0,0,0,Lailat-ul-Qadr,,,,,,
05:39 (WAT),06:54 (WAT),12:56 (WAT),16:10 (WAT),18:58 (WAT),18:58 (WAT),20:05 (WAT),05:29 (WAT),00:56 (WAT),22:57 (WAT),02:55 (WAT),13 Mar 2026,1773388861,13-03-2026,DD-MM-YYYY,13,Friday,3,March,2026,AD,Anno Domini,false,24-09-1447,DD-MM-YYYY,24,Al Juma'a,الجمعة,9,Ramaḍān,رَمَضان,30,1447,AH,Anno Hegirae,HJCoSA,8.8888888,7.7777777,Africa/Lagos,5,Egyptian General Authority of Survey,19.5,17.5,30.0444196,31.2357116,ANGLE_BASED,STANDARD,STANDARD,0,0,0,0,0,0,0,0,0,,,,,,,
05:39 (WAT),06:54 (WAT),12:56 (WAT),16:09 (WAT),18:58 (WAT),18:58 (WAT),20:05 (WAT),05:29 (WAT),00:56 (WAT),22:57 (WAT),02:55 (WAT),14 Mar 2026,1773475261,14-03-2026,DD-MM-YYYY,14,Saturday,3,March,2026,AD,Anno Domini,false,25-09-1447,DD-MM-YYYY,25,Al Sabt,السبت,9,Ramaḍān,رَمَضان,30,1447,AH,Anno Hegirae,HJCoSA,8.8888888,7.7777777,Africa/Lagos,5,Egyptian General Authority of Survey,19.5,17.5,30.0444196,31.2357116,ANGLE_BASED,STANDARD,STANDARD,0,0,0,0,0,0,0,0,0,Lailat-ul-Qadr,,,,,,
05:38 (WAT),06:53 (WAT),12:56 (WAT),16:08 (WAT),18:58 (WAT),18:58 (WAT),20:05 (WAT),05:28 (WAT),00:56 (WAT),22:56 (WAT),02:55 (WAT),15 Mar 2026,1773561661,15-03-2026,DD-MM-YYYY,15,Sunday,3,March,2026,AD,Anno Domini,false,26-09-1447,DD-MM-YYYY,26,Al Ahad,الاحد,9,Ramaḍān,رَمَضان,30,1447,AH,Anno Hegirae,HJCoSA,8.8888888,7.7777777,Africa/Lagos,5,Egyptian General Authority of Survey,19.5,17.5,30.0444196,31.2357116,ANGLE_BASED,STANDARD,STANDARD,0,0,0,0,0,0,0,0,0,,,,,,,
05:38 (WAT),06:53 (WAT),12:55 (WAT),16:07 (WAT),18:58 (WAT),18:58 (WAT),20:05 (WAT),05:28 (WAT),00:55 (WAT),22:56 (WAT),02:54 (WAT),16 Mar 2026,1773648061,16-03-2026,DD-MM-YYYY,16,Monday,3,March,2026,AD,Anno Domini,false,27-09-1447,DD-MM-YYYY,27,Al Athnayn,الاثنين,9,Ramaḍān,رَمَضان,30,1447,AH,Anno Hegirae,HJCoSA,8.8888888,7.7777777,Africa/Lagos,5,Egyptian General Authority of Survey,19.5,17.5,30.0444196,31.2357116,ANGLE_BASED,STANDARD,STANDARD,0,0,0,0,0,0,0,0,0,Lailat-ul-Qadr,,,,,,
05:37 (WAT),06:52 (WAT),12:55 (WAT),16:07 (WAT),18:58 (WAT),18:58 (WAT),20:05 (WAT),05:27 (WAT),00:55 (WAT),22:56 (WAT),02:54 (WAT),17 Mar 2026,1773734461,17-03-2026,DD-MM-YYYY,17,Tuesday,3,March,2026,AD,Anno Domini,false,28-09-1447,DD-MM-YYYY,28,Al Thalaata,الثلاثاء,9,Ramaḍān,رَمَضان,30,1447,AH,Anno Hegirae,HJCoSA,8.8888888,7.7777777,Africa/Lagos,5,Egyptian General Authority of Survey,19.5,17.5,30.0444196,31.2357116,ANGLE_BASED,STANDARD,STANDARD,0,0,0,0,0,0,0,0,0,,,,,,,
05:37 (WAT),06:52 (WAT),12:55 (WAT),16:06 (WAT),18:58 (WAT),18:58 (WAT),20:05 (WAT),05:27 (WAT),00:55 (WAT),22:56 (WAT),02:54 (WAT),18 Mar 2026,1773820861,18-03-2026,DD-MM-YYYY,18,Wednesday,3,March,2026,AD,Anno Domini,false,29-09-1447,DD-MM-YYYY,29,Al Arba'a,الاربعاء,9,Ramaḍān,رَمَضان,30,1447,AH,Anno Hegirae,HJCoSA,8.8888888,7.7777777,Africa/Lagos,5,Egyptian General Authority of Survey,19.5,17.5,30.0444196,31.2357116,ANGLE_BASED,STANDARD,STANDARD,0,0,0,0,0,0,0,0,0,Lailat-ul-Qadr,,,,,,
05:36 (WAT),06:51 (WAT),12:54 (WAT),16:05 (WAT),18:58 (WAT),18:58 (WAT),20:05 (WAT),05:26 (WAT),00:54 (WAT),22:55 (WAT),02:53 (WAT),19 Mar 2026,1773907261,19-03-2026,DD-MM-YYYY,19,Thursday,3,March,2026,AD,Anno Domini,false,30-09-1447,DD-MM-YYYY,30,Al Khamees,الخميس,9,Ramaḍān,رَمَضان,30,1447,AH,Anno Hegirae,HJCoSA,8.8888888,7.7777777,Africa/Lagos,5,Egyptian General Authority of Survey,19.5,17.5,30.0444196,31.2357116,ANGLE_BASED,STANDARD,STANDARD,0,0,0,0,0,0,0,0,0,,,,,,,
05:36 (WAT),06:51 (WAT),12:54 (WAT),16:04 (WAT),18:57 (WAT),18:57 (WAT),20:04 (WAT),05:26 (WAT),00:54 (WAT),22:55 (WAT),02:53 (WAT),20 Mar 2026,1773993661,20-03-2026,DD-MM-YYYY,20,Friday,3,March,2026,AD,Anno Domini,false,01-10-1447,DD-MM-YYYY,1,Al Juma'a,الجمعة,10,Shawwāl,شَوّال,29,1447,AH,Anno Hegirae,HJCoSA,8.8888888,7.7777777,Africa/Lagos,5,Egyptian General Authority of Survey,19.5,17.5,30.0444196,31.2357116,ANGLE_BASED,STANDARD,STANDARD,0,0,0,0,0,0,0,0,0,Eid-ul-Fitr,,,,,,
05:35 (WAT),06:50 (WAT),12:54 (WAT),16:04 (WAT),18:57 (WAT),18:57 (WAT),20:04 (WAT),05:25 (WAT),00:54 (WAT),22:55 (WAT),02:53 (WAT),21 Mar 2026,1774080061,21-03-2026,DD-MM-YYYY,21,Saturday,3,March,2026,AD,Anno Domini,false,02-10-1447,DD-MM-YYYY,2,Al Sabt,السبت,10,Shawwāl,شَوّال,29,1447,AH,Anno Hegirae,HJCoSA,8.8888888,7.7777777,Africa/Lagos,5,Egyptian General Authority of Survey,19.5,17.5,30.0444196,31.2357116,ANGLE_BASED,STANDARD,STANDARD,0,0,0,0,0,0,0,0,0,,,,,,,
05:35 (WAT),06:50 (WAT),12:53 (WAT),16:03 (WAT),18:57 (WAT),18:57 (WAT),20:04 (WAT),05:25 (WAT),00:54 (WAT),22:55 (WAT),02:52 (WAT),22 Mar 2026,1774166461,22-03-2026,DD-MM-YYYY,22,Sunday,3,March,2026,AD,Anno Domini,false,03-10-1447,DD-MM-YYYY,3,Al Ahad,الاحد,10,Shawwāl,شَوّال,29,1447,AH,Anno Hegirae,HJCoSA,8.8888888,7.7777777,Africa/Lagos,5,Egyptian General Authority of Survey,19.5,17.5,30.0444196,31.2357116,ANGLE_BASED,STANDARD,STANDARD,0,0,0,0,0,0,0,0,0,Urs of Hajjah Amina Ādil ق,,,,,,
05:34 (WAT),06:49 (WAT),12:53 (WAT),16:02 (WAT),18:57 (WAT),18:57 (WAT),20:04 (WAT),05:24 (WAT),00:53 (WAT),22:55 (WAT),02:52 (WAT),23 Mar 2026,1774252861,23-03-2026,DD-MM-YYYY,23,Monday,3,March,2026,AD,Anno Domini,false,04-10-1447,DD-MM-YYYY,4,Al Athnayn,الاثنين,10,Shawwāl,شَوّال,29,1447,AH,Anno Hegirae,HJCoSA,8.8888888,7.7777777,Africa/Lagos,5,Egyptian General Authority of Survey,19.5,17.5,30.0444196,31.2357116,ANGLE_BASED,STANDARD,STANDARD,0,0,0,0,0,0,0,0,0,,,,,,,
05:34 (WAT),06:49 (WAT),12:53 (WAT),16:01 (WAT),18:57 (WAT),18:57 (WAT),20:04 (WAT),05:24 (WAT),00:53 (WAT),22:54 (WAT),02:52 (WAT),24 Mar 2026,1774339261,24-03-2026,DD-MM-YYYY,24,Tuesday,3,March,2026,AD,Anno Domini,false,05-10-1447,DD-MM-YYYY,5,Al Thalaata,الثلاثاء,10,Shawwāl,شَوّال,29,1447,AH,Anno Hegirae,HJCoSA,8.8888888,7.7777777,Africa/Lagos,5,Egyptian General Authority of Survey,19.5,17.5,30.0444196,31.2357116,ANGLE_BASED,STANDARD,STANDARD,0,0,0,0,0,0,0,0,0,,,,,,,
05:33 (WAT),06:48 (WAT),12:53 (WAT),16:00 (WAT),18:57 (WAT),18:57 (WAT),20:04 (WAT),05:23 (WAT),00:53 (WAT),22:54 (WAT),02:51 (WAT),25 Mar 2026,1774425661,25-03-2026,DD-MM-YYYY,25,Wednesday,3,March,2026,AD,Anno Domini,false,06-10-1447,DD-MM-YYYY,6,Al Arba'a,الاربعاء,10,Shawwāl,شَوّال,29,1447,AH,Anno Hegirae,HJCoSA,8.8888888,7.7777777,Africa/Lagos,5,Egyptian General Authority of Survey,19.5,17.5,30.0444196,31.2357116,ANGLE_BASED,STANDARD,STANDARD,0,0,0,0,0,0,0,0,0,,,,,,,
05:33 (WAT),06:48 (WAT),12:52 (WAT),16:00 (WAT),18:57 (WAT),18:57 (WAT),20:04 (WAT),05:23 (WAT),00:52 (WAT),22:54 (WAT),02:51 (WAT),26 Mar 2026,1774512061,26-03-2026,DD-MM-YYYY,26,Thursday,3,March,2026,AD,Anno Domini,false,07-10-1447,DD-MM-YYYY,7,Al Khamees,الخميس,10,Shawwāl,شَوّال,29,1447,AH,Anno Hegirae,HJCoSA,8.8888888,7.7777777,Africa/Lagos,5,Egyptian General Authority of Survey,19.5,17.5,30.0444196,31.2357116,ANGLE_BASED,STANDARD,STANDARD,0,0,0,0,0,0,0,0,0,,,,,,,
05:32 (WAT),06:48 (WAT),12:52 (WAT),15:59 (WAT),18:57 (WAT),18:57 (WAT),20:04 (WAT),05:22 (WAT),00:52 (WAT),22:54 (WAT),02:51 (WAT),27 Mar 2026,1774598461,27-03-2026,DD-MM-YYYY,27,Friday,3,March,2026,AD,Anno Domini,false,08-10-1447,DD-MM-YYYY,8,Al Juma'a,الجمعة,10,Shawwāl,شَوّال,29,1447,AH,Anno Hegirae,HJCoSA,8.8888888,7.7777777,Africa/Lagos,5,Egyptian General Authority of Survey,19.5,17.5,30.0444196,31.2357116,ANGLE_BASED,STANDARD,STANDARD,0,0,0,0,0,0,0,0,0,,,,,,,
05:32 (WAT),06:47 (WAT),12:52 (WAT),15:58 (WAT),18:56 (WAT),18:56 (WAT),20:04 (WAT),05:22 (WAT),00:52 (WAT),22:53 (WAT),02:50 (WAT),28 Mar 2026,1774684861,28-03-2026,DD-MM-YYYY,28,Saturday,3,March,2026,AD,Anno Domini,false,09-10-1447,DD-MM-YYYY,9,Al Sabt,السبت,10,Shawwāl,شَوّال,29,1447,AH,Anno Hegirae,HJCoSA,8.8888888,7.7777777,Africa/Lagos,5,Egyptian General Authority of Survey,19.5,17.5,30.0444196,31.2357116,ANGLE_BASED,STANDARD,STANDARD,0,0,0,0,0,0,0,0,0,,,,,,,
05:31 (WAT),06:47 (WAT),12:51 (WAT),15:57 (WAT),18:56 (WAT),18:56 (WAT),20:04 (WAT),05:21 (WAT),00:51 (WAT),22:53 (WAT),02:50 (WAT),29 Mar 2026,1774771261,29-03-2026,DD-MM-YYYY,29,Sunday,3,March,2026,AD,Anno Domini,false,10-10-1447,DD-MM-YYYY,10,Al Ahad,الاحد,10,Shawwāl,شَوّال,29,1447,AH,Anno Hegirae,HJCoSA,8.8888888,7.7777777,Africa/Lagos,5,Egyptian General Authority of Survey,19.5,17.5,30.0444196,31.2357116,ANGLE_BASED,STANDARD,STANDARD,0,0,0,0,0,0,0,0,0,,,,,,,
05:31 (WAT),06:46 (WAT),12:51 (WAT),15:56 (WAT),18:56 (WAT),18:56 (WAT),20:04 (WAT),05:21 (WAT),00:51 (WAT),22:53 (WAT),02:49 (WAT),30 Mar 2026,1774857661,30-03-2026,DD-MM-YYYY,30,Monday,3,March,2026,AD,Anno Domini,false,11-10-1447,DD-MM-YYYY,11,Al Athnayn,الاثنين,10,Shawwāl,شَوّال,29,1447,AH,Anno Hegirae,HJCoSA,8.8888888,7.7777777,Africa/Lagos,5,Egyptian General Authority of Survey,19.5,17.5,30.0444196,31.2357116,ANGLE_BASED,STANDARD,STANDARD,0,0,0,0,0,0,0,0,0,,,,,,,
05:30 (WAT),06:46 (WAT),12:51 (WAT),15:55 (WAT),18:56 (WAT),18:56 (WAT),20:03 (WAT),05:20 (WAT),00:51 (WAT),22:53 (WAT),02:49 (WAT),31 Mar 2026,1774944061,31-03-2026,DD-MM-YYYY,31,Tuesday,3,March,2026,AD,Anno Domini,false,12-10-1447,DD-MM-YYYY,12,Al Thalaata,الثلاثاء,10,Shawwāl,شَوّال,29,1447,AH,Anno Hegirae,HJCoSA,8.8888888,7.7777777,Africa/Lagos,5,Egyptian General Authority of Survey,19.5,17.5,30.0444196,31.2357116,ANGLE_BASED,STANDARD,STANDARD,0,0,0,0,0,0,0,0,0,,,,,,,
05:30 (WAT),06:45 (WAT),12:50 (WAT),15:54 (WAT),18:56 (WAT),18:56 (WAT),20:03 (WAT),05:20 (WAT),00:51 (WAT),22:52 (WAT),02:49 (WAT),01 Apr 2026,1775030461,01-04-2026,DD-MM-YYYY,01,Wednesday,4,April,2026,AD,Anno Domini,false,13-10-1447,DD-MM-YYYY,13,Al Arba'a,الاربعاء,10,Shawwāl,شَوّال,29,1447,AH,Anno Hegirae,HJCoSA,8.8888888,7.7777777,Africa/Lagos,5,Egyptian General Authority of Survey,19.5,17.5,30.0444196,31.2357116,ANGLE_BASED,STANDARD,STANDARD,0,0,0,0,0,0,0,0,0,Birth of Imam Bukhārī (ر),,,,,,
05:29 (WAT),06:45 (WAT),12:50 (WAT),15:53 (WAT),18:56 (WAT),18:56 (WAT),20:03 (WAT),05:19 (WAT),00:50 (WAT),22:52 (WAT),02:48 (WAT),02 Apr 2026,1775116861,02-04-2026,DD-MM-YYYY,02,Thursday,4,April,2026,AD,Anno Domini,false,14-10-1447,DD-MM-YYYY,14,Al Khamees,الخميس,10,Shawwāl,شَوّال,29,1447,AH,Anno Hegirae,HJCoSA,8.8888888,7.7777777,Africa/Lagos,5,Egyptian General Authority of Survey,19.5,17.5,30.0444196,31.2357116,ANGLE_BASED,STANDARD,STANDARD,0,0,0,0,0,0,0,0,0,,,,,,,
05:29 (WAT),06:44 (WAT),12:50 (WAT),15:52 (WAT),18:56 (WAT),18:56 (WAT),20:03 (WAT),05:19 (WAT),00:50 (WAT),22:52 (WAT),02:48 (WAT),03 Apr 2026,1775203261,03-04-2026,DD-MM-YYYY,03,Friday,4,April,2026,AD,Anno Domini,false,15-10-1447,DD-MM-YYYY,15,Al Juma'a,الجمعة,10,Shawwāl,شَوّال,29,1447,AH,Anno Hegirae,HJCoSA,8.8888888,7.7777777,Africa/Lagos,5,Egyptian General Authority of Survey,19.5,17.5,30.0444196,31.2357116,ANGLE_BASED,STANDARD,STANDARD,0,0,0,0,0,0,0,0,0,,,,,,,
05:28 (WAT),06:44 (WAT),12:50 (WAT),15:51 (WAT),18:56 (WAT),18:56 (WAT),20:03 (WAT),05:18 (WAT),00:50 (WAT),22:52 (WAT),02:48 (WAT),04 Apr 2026,1775289661,04-04-2026,DD-MM-YYYY,04,Saturday,4,April,2026,AD,Anno Domini,false,16-10-1447,DD-MM-YYYY,16,Al Sabt,السبت,10,Shawwāl,شَوّال,29,1447,AH,Anno Hegirae,HJCoSA,8.8888888,7.7777777,Africa/Lagos,5,Egyptian General Authority of Survey,19.5,17.5,30.0444196,31.2357116,ANGLE_BASED,STANDARD,STANDARD,0,0,0,0,0,0,0,0,0,,,,,,,
05:27 (WAT),06:43 (WAT),12:49 (WAT),15:51 (WAT),18:55 (WAT),18:55 (WAT),20:03 (WAT),05:17 (WAT),00:49 (WAT),22:51 (WAT),02:47 (WAT),05 Apr 2026,1775376061,05-04-2026,DD-MM-YYYY,05,Sunday,4,April,2026,AD,Anno Domini,false,17-10-1447,DD-MM-YYYY,17,Al Ahad,الاحد,10,Shawwāl,شَوّال,29,1447,AH,Anno Hegirae,HJCoSA,8.8888888,7.7777777,Africa/Lagos,5,Egyptian General Authority of Survey,19.5,17.5,30.0444196,31.2357116,ANGLE_BASED,STANDARD,STANDARD,0,0,0,0,0,0,0,0,0,,,,,,,
05:27 (WAT),06:43 (WAT),12:49 (WAT),15:51 (WAT),18:55 (WAT),18:55 (WAT),20:03 (WAT),05:17 (WAT),00:49 (WAT),22:51 (WAT),02:47 (WAT),06 Apr 2026,1775462461,06-04-2026,DD-MM-YYYY,06,Monday,4,April,2026,AD,Anno Domini,false,18-10-1447,DD-MM-YYYY,18,Al Athnayn,الاثنين,10,Shawwāl,شَوّال,29,1447,AH,Anno Hegirae,HJCoSA,8.8888888,7.7777777,Africa/Lagos,5,Egyptian General Authority of Survey,19.5,17.5,30.0444196,31.2357116,ANGLE_BASED,STANDARD,STANDARD,0,0,0,0,0,0,0,0,0,,,,,,,
05:26 (WAT),06:42 (WAT),12:49 (WAT),15:52 (WAT),18:55 (WAT),18:55 (WAT),20:03 (WAT),05:16 (WAT),00:49 (WAT),22:51 (WAT),02:47 (WAT),07 Apr 2026,1775548861,07-04-2026,DD-MM-YYYY,07,Tuesday,4,April,2026,AD,Anno Domini,false,19-10-1447,DD-MM-YYYY,19,Al Thalaata,الثلاثاء,10,Shawwāl,شَوّال,29,1447,AH,Anno Hegirae,HJCoSA,8.8888888,7.7777777,Africa/Lagos,5,Egyptian General Authority of Survey,19.5,17.5,30.0444196,31.2357116,ANGLE_BASED,STANDARD,STANDARD,0,0,0,0,0,0,0,0,0,,,,,,,
05:26 (WAT),06:42 (WAT),12:48 (WAT),15:52 (WAT),18:55 (WAT),18:55 (WAT),20:03 (WAT),05:16 (WAT),00:49 (WAT),22:51 (WAT),02:46 (WAT),08 Apr 2026,1775635261,08-04-2026,DD-MM-YYYY,08,Wednesday,4,April,2026,AD,Anno Domini,false,20-10-1447,DD-MM-YYYY,20,Al Arba'a,الاربعاء,10,Shawwāl,شَوّال,29,1447,AH,Anno Hegirae,HJCoSA,8.8888888,7.7777777,Africa/Lagos,5,Egyptian General Authority of Survey,19.5,17.5,30.0444196,31.2357116,ANGLE_BASED,STANDARD,STANDARD,0,0,0,0,0,0,0,0,0,,,,,,,
05:25 (WAT),06:41 (WAT),12:48 (WAT),15:53 (WAT),18:55 (WAT),18:55 (WAT),20:03 (WAT),05:15 (WAT),00:48 (WAT),22:51 (WAT),02:46 (WAT),09 Apr 2026,1775721661,09-04-2026,DD-MM-YYYY,09,Thursday,4,April,2026,AD,Anno Domini,false,21-10-1447,DD-MM-YYYY,21,Al Khamees,الخميس,10,Shawwāl,شَوّال,29,1447,AH,Anno Hegirae,HJCoSA,8.8888888,7.7777777,Africa/Lagos,5,Egyptian General Authority of Survey,19.5,17.5,30.0444196,31.2357116,ANGLE_BASED,STANDARD,STANDARD,0,0,0,0,0,0,0,0,0,,,,,,,
05:25 (WAT),06:41 (WAT),12:48 (WAT),15:53 (WAT),18:55 (WAT),18:55 (WAT),20:03 (WAT),05:15 (WAT),00:48 (WAT),22:50 (WAT),02:46 (WAT),10 Apr 2026,1775808061,10-04-2026,DD-MM-YYYY,10,Friday,4,April,2026,AD,Anno Domini,false,22-10-1447,DD-MM-YYYY,22,Al Juma'a,الجمعة,10,Shawwāl,شَوّال,29,1447,AH,Anno Hegirae,HJCoSA,8.8888888,7.7777777,Africa/Lagos,5,Egyptian General Authority of Survey,19.5,17.5,30.0444196,31.2357116,ANGLE_BASED,STANDARD,STANDARD,0,0,0,0,0,0,0,0,0,,,,,,,
05:24 (WAT),06:41 (WAT),12:48 (WAT),15:54 (WAT),18:55 (WAT),18:55 (WAT),20:03 (WAT),05:14 (WAT),00:48 (WAT),22:50 (WAT),02:45 (WAT),11 Apr 2026,1775894461,11-04-2026,DD-MM-YYYY,11,Saturday,4,April,2026,AD,Anno Domini,false,23-10-1447,DD-MM-YYYY,23,Al Sabt,السبت,10,Shawwāl,شَوّال,29,1447,AH,Anno Hegirae,HJCoSA,8.8888888,7.7777777,Africa/Lagos,5,Egyptian General Authority of Survey,19.5,17.5,30.0444196,31.2357116,ANGLE_BASED,STANDARD,STANDARD,0,0,0,0,0,0,0,0,0,,,,,,,
05:24 (WAT),06:40 (WAT),12:47 (WAT),15:54 (WAT),18:55 (WAT),18:55 (WAT),20:03 (WAT),05:14 (WAT),00:47 (WAT),22:50 (WAT),02:45 (WAT),12 Apr 2026,1775980861,12-04-2026,DD-MM-YYYY,12,Sunday,4,April,2026,AD,Anno Domini,false,24-10-1447,DD-MM-YYYY,24,Al Ahad,الاحد,10,Shawwāl,شَوّال,29,1447,AH,Anno Hegirae,HJCoSA,8.8888888,7.7777777,Africa/Lagos,5,Egyptian General Authority of Survey,19.5,17.5,30.0444196,31.2357116,ANGLE_BASED,STANDARD,STANDARD,0,0,0,0,0,0,0,0,0,,,,,,,
05:23 (WAT),06:40 (WAT),12:47 (WAT),15:55 (WAT),18:55 (WAT),18:55 (WAT),20:03 (WAT),05:13 (WAT),00:47 (WAT),22:50 (WAT),02:45 (WAT),13 Apr 2026,1776067261,13-04-2026,DD-MM-YYYY,13,Monday,4,April,2026,AD,Anno Domini,false,25-10-1447,DD-MM-YYYY,25,Al Athnayn,الاثنين,10,Shawwāl,شَوّال,29,1447,AH,Anno Hegirae,HJCoSA,8.8888888,7.7777777,Africa/Lagos,5,Egyptian General Authority of Survey,19.5,17.5,30.0444196,31.2357116,ANGLE_BASED,STANDARD,STANDARD,0,0,0,0,0,0,0,0,0,,,,,,,
05:23 (WAT),06:39 (WAT),12:47 (WAT),15:55 (WAT),18:55 (WAT),18:55 (WAT),20:03 (WAT),05:13 (WAT),00:47 (WAT),22:50 (WAT),02:44 (WAT),14 Apr 2026,1776153661,14-04-2026,DD-MM-YYYY,14,Tuesday,4,April,2026,AD,Anno Domini,false,26-10-1447,DD-MM-YYYY,26,Al Thalaata,الثلاثاء,10,Shawwāl,شَوّال,29,1447,AH,Anno Hegirae,HJCoSA,8.8888888,7.7777777,Africa/Lagos,5,Egyptian General Authority of Survey,19.5,17.5,30.0444196,31.2357116,ANGLE_BASED,STANDARD,STANDARD,0,0,0,0,0,0,0,0,0,,,,,,,
05:22 (WAT),06:39 (WAT),12:47 (WAT),15:55 (WAT),18:55 (WAT),18:55 (WAT),20:03 (WAT),05:12 (WAT),00:47 (WAT),22:49 (WAT),02:44 (WAT),15 Apr 2026,1776240061,15-04-2026,DD-MM-YYYY,15,Wednesday,4,April,2026,AD,Anno Domini,false,27-10-1447,DD-MM-YYYY,27,Al Arba'a,الاربعاء,10,Shawwāl,شَوّال,29,1447,AH,Anno Hegirae,HJCoSA,8.8888888,7.7777777,Africa/Lagos,5,Egyptian General Authority of Survey,19.5,17.5,30.0444196,31.2357116,ANGLE_BASED,STANDARD,STANDARD,0,0,0,0,0,0,0,0,0,,,,,,,
05:22 (WAT),06:38 (WAT),12:46 (WAT),15:56 (WAT),18:54 (WAT),18:54 (WAT),20:03 (WAT),05:12 (WAT),00:46 (WAT),22:49 (WAT),02:44 (WAT),16 Apr 2026,1776326461,16-04-2026,DD-MM-YYYY,16,Thursday,4,April,2026,AD,Anno Domini,false,28-10-1447,DD-MM-YYYY,28,Al Khamees,الخميس,10,Shawwāl,شَوّال,29,1447,AH,Anno Hegirae,HJCoSA,8.8888888,7.7777777,Africa/Lagos,5,Egyptian General Authority of Survey,19.5,17.5,30.0444196,31.2357116,ANGLE_BASED,STANDARD,STANDARD,0,0,0,0,0,0,0,0,0,,,,,,,
05:21 (WAT),06:38 (WAT),12:46 (WAT),15:56 (WAT),18:54 (WAT),18:54 (WAT),20:03 (WAT),05:11 (WAT),00:46 (WAT),22:49 (WAT),02:44 (WAT),17 Apr 2026,1776412861,17-04-2026,DD-MM-YYYY,17,Friday,4,April,2026,AD,Anno Domini,false,29-10-1447,DD-MM-YYYY,29,Al Juma'a,الجمعة,10,Shawwāl,شَوّال,29,1447,AH,Anno Hegirae,HJCoSA,8.8888888,7.7777777,Africa/Lagos,5,Egyptian General Authority of Survey,19.5,17.5,30.0444196,31.2357116,ANGLE_BASED,STANDARD,STANDARD,0,0,0,0,0,0,0,0,0,,,,,,,
05:21 (WAT),06:38 (WAT),12:46 (WAT),15:57 (WAT),18:54 (WAT),18:54 (WAT),20:03 (WAT),05:11 (WAT),00:46 (WAT),22:49 (WAT),02:43 (WAT),18 Apr 2026,1776499261,18-04-2026,DD-MM-YYYY,18,Saturday,4,April,2026,AD,Anno Domini,false,01-11-1447,DD-MM-YYYY,1,Al Sabt,السبت,11,Dhū al-Qaʿdah,ذوالقعدة,30,1447,AH,Anno Hegirae,HJCoSA,8.8888888,7.7777777,Africa/Lagos,5,Egyptian General Authority of Survey,19.5,17.5,30.0444196,31.2357116,ANGLE_BASED,STANDARD,STANDARD,0,0,0,0,0,0,0,0,0,Treaty of Hudaybiyya,,,,,,
05:20 (WAT),06:37 (WAT),12:46 (WAT),15:57 (WAT),18:54 (WAT),18:54 (WAT),20:03 (WAT),05:10 (WAT),00:46 (WAT),22:49 (WAT),02:43 (WAT),19 Apr 2026,1776585661,19-04-2026,DD-MM-YYYY,19,Sunday,4,April,2026,AD,Anno Domini,false,02-11-1447,DD-MM-YYYY,2,Al Ahad,الاحد,11,Dhū al-Qaʿdah,ذوالقعدة,30,1447,AH,Anno Hegirae,HJCoSA,8.8888888,7.7777777,Africa/Lagos,5,Egyptian General Authority of Survey,19.5,17.5,30.0444196,31.2357116,ANGLE_BASED,STANDARD,STANDARD,0,0,0,0,0,0,0,0,0,Birth of Muhammad Effendi al-Yaraghi (ق) ,,,,,,
05:20 (WAT),06:37 (WAT),12:46 (WAT),15:57 (WAT),18:54 (WAT),18:54 (WAT),20:03 (WAT),05:10 (WAT),00:46 (WAT),22:48 (WAT),02:43 (WAT),20 Apr 2026,1776672061,20-04-2026,DD-MM-YYYY,20,Monday,4,April,2026,AD,Anno Domini,false,03-11-1447,DD-MM-YYYY,3,Al Athnayn,الاثنين,11,Dhū al-Qaʿdah,ذوالقعدة,30,1447,AH,Anno Hegirae,HJCoSA,8.8888888,7.7777777,Africa/Lagos,5,Egyptian General Authority of Survey,19.5,17.5,30.0444196,31.2357116,ANGLE_BASED,STANDARD,STANDARD,0,0,0,0,0,0,0,0,0,Birth of Sharafuddin ad-Daghestani (ق),,,,,,
05:19 (WAT),06:37 (WAT),12:45 (WAT),15:58 (WAT),18:54 (WAT),18:54 (WAT),20:03 (WAT),05:09 (WAT),00:45 (WAT),22:48 (WAT),02:42 (WAT),21 Apr 2026,1776758461,21-04-2026,DD-MM-YYYY,21,Tuesday,4,April,2026,AD,Anno Domini,false,04-11-1447,DD-MM-YYYY,4,Al Thalaata,الثلاثاء,11,Dhū al-Qaʿdah,ذوالقعدة,30,1447,AH,Anno Hegirae,HJCoSA,8.8888888,7.7777777,Africa/Lagos,5,Egyptian General Authority of Survey,19.5,17.5,30.0444196,31.2357116,ANGLE_BASED,STANDARD,STANDARD,0,0,0,0,0,0,0,0,0,,,,,,,
05:19 (WAT),06:36 (WAT),12:45 (WAT),15:58 (WAT),18:54 (WAT),18:54 (WAT),20:03 (WAT),05:09 (WAT),00:45 (WAT),22:48 (WAT),02:42 (WAT),22 Apr 2026,1776844861,22-04-2026,DD-MM-YYYY,22,Wednesday,4,April,2026,AD,Anno Domini,false,05-11-1447,DD-MM-YYYY,5,Al Arba'a,الاربعاء,11,Dhū al-Qaʿdah,ذوالقعدة,30,1447,AH,Anno Hegirae,HJCoSA,8.8888888,7.7777777,Africa/Lagos,5,Egyptian General Authority of Survey,19.5,17.5,30.0444196,31.2357116,ANGLE_BASED,STANDARD,STANDARD,0,0,0,0,0,0,0,0,0,,,,,,,
05:18 (WAT),06:36 (WAT),12:45 (WAT),15:59 (WAT),18:54 (WAT),18:54 (WAT),20:03 (WAT),05:08 (WAT),00:45 (WAT),22:48 (WAT),02:42 (WAT),23 Apr 2026,1776931261,23-04-2026,DD-MM-YYYY,23,Thursday,4,April,2026,AD,Anno Domini,false,06-11-1447,DD-MM-YYYY,6,Al Khamees,الخميس,11,Dhū al-Qaʿdah,ذوالقعدة,30,1447,AH,Anno Hegirae,HJCoSA,8.8888888,7.7777777,Africa/Lagos,5,Egyptian General Authority of Survey,19.5,17.5,30.0444196,31.2357116,ANGLE_BASED,STANDARD,STANDARD,0,0,0,0,0,0,0,0,0,,,,,,,
05:18 (WAT),06:35 (WAT),12:45 (WAT),15:59 (WAT),18:54 (WAT),18:54 (WAT),20:03 (WAT),05:08 (WAT),00:45 (WAT),22:48 (WAT),02:42 (WAT),24 Apr 2026,1777017661,24-04-2026,DD-MM-YYYY,24,Friday,4,April,2026,AD,Anno Domini,false,07-11-1447,DD-MM-YYYY,7,Al Juma'a,الجمعة,11,Dhū al-Qaʿdah,ذوالقعدة,30,1447,AH,Anno Hegirae,HJCoSA,8.8888888,7.7777777,Africa/Lagos,5,Egyptian General Authority of Survey,19.5,17.5,30.0444196,31.2357116,ANGLE_BASED,STANDARD,STANDARD,0,0,0,0,0,0,0,0,0,Birth of Ismail Muhammad ash-Shirwani (ق),,,,,,
05:17 (WAT),06:35 (WAT),12:45 (WAT),15:59 (WAT),18:54 (WAT),18:54 (WAT),20:04 (WAT),05:07 (WAT),00:45 (WAT),22:48 (WAT),02:41 (WAT),25 Apr 2026,1777104061,25-04-2026,DD-MM-YYYY,25,Saturday,4,April,2026,AD,Anno Domini,false,08-11-1447,DD-MM-YYYY,8,Al Sabt,السبت,11,Dhū al-Qaʿdah,ذوالقعدة,30,1447,AH,Anno Hegirae,HJCoSA,8.8888888,7.7777777,Africa/Lagos,5,Egyptian General Authority of Survey,19.5,17.5,30.0444196,31.2357116,ANGLE_BASED,STANDARD,STANDARD,0,0,0,0,0,0,0,0,0,,,,,,,
05:17 (WAT),06:35 (WAT),12:44 (WAT),16:00 (WAT),18:54 (WAT),18:54 (WAT),20:04 (WAT),05:07 (WAT),00:44 (WAT),22:48 (WAT),02:41 (WAT),26 Apr 2026,1777190461,26-04-2026,DD-MM-YYYY,26,Sunday,4,April,2026,AD,Anno Domini,false,09-11-1447,DD-MM-YYYY,9,Al Ahad,الاحد,11,Dhū al-Qaʿdah,ذوالقعدة,30,1447,AH,Anno Hegirae,HJCoSA,8.8888888,7.7777777,Africa/Lagos,5,Egyptian General Authority of Survey,19.5,17.5,30.0444196,31.2357116,ANGLE_BASED,STANDARD,STANDARD,0,0,0,0,0,0,0,0,0,,,,,,,
05:17 (WAT),06:34 (WAT),12:44 (WAT),16:00 (WAT),18:54 (WAT),18:54 (WAT),20:04 (WAT),05:07 (WAT),00:44 (WAT),22:48 (WAT),02:41 (WAT),27 Apr 2026,1777276861,27-04-2026,DD-MM-YYYY,27,Monday,4,April,2026,AD,Anno Domini,false,10-11-1447,DD-MM-YYYY,10,Al Athnayn,الاثنين,11,Dhū al-Qaʿdah,ذوالقعدة,30,1447,AH,Anno Hegirae,HJCoSA,8.8888888,7.7777777,Africa/Lagos,5,Egyptian General Authority of Survey,19.5,17.5,30.0444196,31.2357116,ANGLE_BASED,STANDARD,STANDARD,0,0,0,0,0,0,0,0,0,,,,,,,
05:16 (WAT),06:34 (WAT),12:44 (WAT),16:00 (WAT),18:54 (WAT),18:54 (WAT),20:04 (WAT),05:06 (WAT),00:44 (WAT),22:47 (WAT),02:41 (WAT),28 Apr 2026,1777363261,28-04-2026,DD-MM-YYYY,28,Tuesday,4,April,2026,AD,Anno Domini,false,11-11-1447,DD-MM-YYYY,11,Al Thalaata,الثلاثاء,11,Dhū al-Qaʿdah,ذوالقعدة,30,1447,AH,Anno Hegirae,HJCoSA,8.8888888,7.7777777,Africa/Lagos,5,Egyptian General Authority of Survey,19.5,17.5,30.0444196,31.2357116,ANGLE_BASED,STANDARD,STANDARD,0,0,0,0,0,0,0,0,0,,,,,,,
05:16 (WAT),06:34 (WAT),12:44 (WAT),16:01 (WAT),18:54 (WAT),18:54 (WAT),20:04 (WAT),05:06 (WAT),00:44 (WAT),22:47 (WAT),02:41 (WAT),29 Apr 2026,1777449661,29-04-2026,DD-MM-YYYY,29,Wednesday,4,April,2026,AD,Anno Domini,false,12-11-1447,DD-MM-YYYY,12,Al Arba'a,الاربعاء,11,Dhū al-Qaʿdah,ذوالقعدة,30,1447,AH,Anno Hegirae,HJCoSA,8.8888888,7.7777777,Africa/Lagos,5,Egyptian General Authority of Survey,19.5,17.5,30.0444196,31.2357116,ANGLE_BASED,STANDARD,STANDARD,0,0,0,0,0,0,0,0,0,,,,,,,
05:15 (WAT),06:34 (WAT),12:44 (WAT),16:01 (WAT),18:54 (WAT),18:54 (WAT),20:04 (WAT),05:05 (WAT),00:44 (WAT),22:47 (WAT),02:40 (WAT),30 Apr 2026,1777536061,30-04-2026,DD-MM-YYYY,30,Thursday,4,April,2026,AD,Anno Domini,false,13-11-1447,DD-MM-YYYY,13,Al Khamees,الخميس,11,Dhū al-Qaʿdah,ذوالقعدة,30,1447,AH,Anno Hegirae,HJCoSA,8.8888888,7.7777777,Africa/Lagos,5,Egyptian General Authority of Survey,19.5,17.5,30.0444196,31.2357116,ANGLE_BASED,STANDARD,STANDARD,0,0,0,0,0,0,0,0,0,Urs of Khalid al-Baghdadi (ق),,,,,,
05:15 (WAT),06:33 (WAT),12:44 (WAT),16:01 (WAT),18:54 (WAT),18:54 (WAT),20:04 (WAT),05:05 (WAT),00:44 (WAT),22:47 (WAT),02:40 (WAT),01 May 2026,1777622461,01-05-2026,DD-MM-YYYY,01,Friday,5,May,2026,AD,Anno Domini,false,14-11-1447,DD-MM-YYYY,14,Al Juma'a,الجمعة,11,Dhū al-Qaʿdah,ذوالقعدة,30,1447,AH,Anno Hegirae,HJCoSA,8.8888888,7.7777777,Africa/Lagos,5,Egyptian General Authority of Survey,19.5,17.5,30.0444196,31.2357116,ANGLE_BASED,STANDARD,STANDARD,0,0,0,0,0,0,0,0,0,,,,,,,
05:14 (WAT),06:33 (WAT),12:44 (WAT),16:02 (WAT),18:54 (WAT),18:54 (WAT),20:04 (WAT),05:04 (WAT),00:44 (WAT),22:47 (WAT),02:40 (WAT),02 May 2026,1777708861,02-05-2026,DD-MM-YYYY,02,Saturday,5,May,2026,AD,Anno Domini,false,15-11-1447,DD-MM-YYYY,15,Al Sabt,السبت,11,Dhū al-Qaʿdah,ذوالقعدة,30,1447,AH,Anno Hegirae,HJCoSA,8.8888888,7.7777777,Africa/Lagos,5,Egyptian General Authority of Survey,19.5,17.5,30.0444196,31.2357116,ANGLE_BASED,STANDARD,STANDARD,0,0,0,0,0,0,0,0,0,,,,,,,
05:14 (WAT),06:33 (WAT),12:44 (WAT),16:02 (WAT),18:54 (WAT),18:54 (WAT),20:05 (WAT),05:04 (WAT),00:44 (WAT),22:47 (WAT),02:40 (WAT),03 May 2026,1777795261,03-05-2026,DD-MM-YYYY,03,Sunday,5,May,2026,AD,Anno Domini,false,16-11-1447,DD-MM-YYYY,16,Al Ahad,الاحد,11,Dhū al-Qaʿdah,ذوالقعدة,30,1447,AH,Anno Hegirae,HJCoSA,8.8888888,7.7777777,Africa/Lagos,5,Egyptian General Authority of Survey,19.5,17.5,30.0444196,31.2357116,ANGLE_BASED,STANDARD,STANDARD,0,0,0,0,0,0,0,0,0,,,,,,,
05:14 (WAT),06:33 (WAT),12:43 (WAT),16:02 (WAT),18:54 (WAT),18:54 (WAT),20:05 (WAT),05:04 (WAT),00:43 (WAT),22:47 (WAT),02:40 (WAT),04 May 2026,1777881661,04-05-2026,DD-MM-YYYY,04,Monday,5,May,2026,AD,Anno Domini,false,17-11-1447,DD-MM-YYYY,17,Al Athnayn,الاثنين,11,Dhū al-Qaʿdah,ذوالقعدة,30,1447,AH,Anno Hegirae,HJCoSA,8.8888888,7.7777777,Africa/Lagos,5,Egyptian General Authority of Survey,19.5,17.5,30.0444196,31.2357116,ANGLE_BASED,STANDARD,STANDARD,0,0,0,0,0,0,0,0,0,,,,,,,
05:13 (WAT),06:32 (WAT),12:43 (WAT),16:03 (WAT),18:54 (WAT),18:54 (WAT),20:05 (WAT),05:03 (WAT),00:43 (WAT),22:47 (WAT),02:40 (WAT),05 May 2026,1777968061,05-05-2026,DD-MM-YYYY,05,Tuesday,5,May,2026,AD,Anno Domini,false,18-11-1447,DD-MM-YYYY,18,Al Thalaata,الثلاثاء,11,Dhū al-Qaʿdah,ذوالقعدة,30,1447,AH,Anno Hegirae,HJCoSA,8.8888888,7.7777777,Africa/Lagos,5,Egyptian General Authority of Survey,19.5,17.5,30.0444196,31.2357116,ANGLE_BASED,STANDARD,STANDARD,0,0,0,0,0,0,0,0,0,Urs of Ali ar-Ramitani (ق),,,,,,
05:13 (WAT),06:32 (WAT),12:43 (WAT),16:03 (WAT),18:55 (WAT),18:55 (WAT),20:05 (WAT),05:03 (WAT),00:43 (WAT),22:47 (WAT),02:40 (WAT),06 May 2026,1778054461,06-05-2026,DD-MM-YYYY,06,Wednesday,5,May,2026,AD,Anno Domini,false,19-11-1447,DD-MM-YYYY,19,Al Arba'a,الاربعاء,11,Dhū al-Qaʿdah,ذوالقعدة,30,1447,AH,Anno Hegirae,HJCoSA,8.8888888,7.7777777,Africa/Lagos,5,Egyptian General Authority of Survey,19.5,17.5,30.0444196,31.2357116,ANGLE_BASED,STANDARD,STANDARD,0,0,0,0,0,0,0,0,0,,,,,,,
05:13 (WAT),06:32 (WAT),12:43 (WAT),16:03 (WAT),18:55 (WAT),18:55 (WAT),20:05 (WAT),05:03 (WAT),00:43 (WAT),22:47 (WAT),02:39 (WAT),07 May 2026,1778140861,07-05-2026,DD-MM-YYYY,07,Thursday,5,May,2026,AD,Anno Domini,false,20-11-1447,DD-MM-YYYY,20,Al Khamees,الخميس,11,Dhū al-Qaʿdah,ذوالقعدة,30,1447,AH,Anno Hegirae,HJCoSA,8.8888888,7.7777777,Africa/Lagos,5,Egyptian General Authority of Survey,19.5,17.5,30.0444196,31.2357116,ANGLE_BASED,STANDARD,STANDARD,0,0,0,0,0,0,0,0,0,,,,,,,
05:12 (WAT),06:32 (WAT),12:43 (WAT),16:03 (WAT),18:55 (WAT),18:55 (WAT),20:06 (WAT),05:02 (WAT),00:43 (WAT),22:47 (WAT),02:39 (WAT),08 May 2026,1778227261,08-05-2026,DD-MM-YYYY,08,Friday,5,May,2026,AD,Anno Domini,false,21-11-1447,DD-MM-YYYY,21,Al Juma'a,الجمعة,11,Dhū al-Qaʿdah,ذوالقعدة,30,1447,AH,Anno Hegirae,HJCoSA,8.8888888,7.7777777,Africa/Lagos,5,Egyptian General Authority of Survey,19.5,17.5,30.0444196,31.2357116,ANGLE_BASED,STANDARD,STANDARD,0,0,0,0,0,0,0,0,0,,,,,,,
05:12 (WAT),06:31 (WAT),12:43 (WAT),16:04 (WAT),18:55 (WAT),18:55 (WAT),20:06 (WAT),05:02 (WAT),00:43 (WAT),22:47 (WAT),02:39 (WAT),09 May 2026,1778313661,09-05-2026,DD-MM-YYYY,09,Saturday,5,May,2026,AD,Anno Domini,false,22-11-1447,DD-MM-YYYY,22,Al Sabt,السبت,11,Dhū al-Qaʿdah,ذوالقعدة,30,1447,AH,Anno Hegirae,HJCoSA,8.8888888,7.7777777,Africa/Lagos,5,Egyptian General Authority of Survey,19.5,17.5,30.0444196,31.2357116,ANGLE_BASED,STANDARD,STANDARD,0,0,0,0,0,0,0,0,0,,,,,,,
05:12 (WAT),06:31 (WAT),12:43 (WAT),16:04 (WAT),18:55 (WAT),18:55 (WAT),20:06 (WAT),05:02 (WAT),00:43 (WAT),22:47 (WAT),02:39 (WAT),10 May 2026,1778400061,10-05-2026,DD-MM-YYYY,10,Sunday,5,May,2026,AD,Anno Domini,false,23-11-1447,DD-MM-YYYY,23,Al Ahad,الاحد,11,Dhū al-Qaʿdah,ذوالقعدة,30,1447,AH,Anno Hegirae,HJCoSA,8.8888888,7.7777777,Africa/Lagos,5,Egyptian General Authority of Survey,19.5,17.5,30.0444196,31.2357116,ANGLE_BASED,STANDARD,STANDARD,0,0,0,0,0,0,0,0,0,,,,,,,
05:11 (WAT),06:31 (WAT),12:43 (WAT),16:04 (WAT),18:55 (WAT),18:55 (WAT),20:06 (WAT),05:01 (WAT),00:43 (WAT),22:47 (WAT),02:39 (WAT),11 May 2026,1778486461,11-05-2026,DD-MM-YYYY,11,Monday,5,May,2026,AD,Anno Domini,false,24-11-1447,DD-MM-YYYY,24,Al Athnayn,الاثنين,11,Dhū al-Qaʿdah,ذوالقعدة,30,1447,AH,Anno Hegirae,HJCoSA,8.8888888,7.7777777,Africa/Lagos,5,Egyptian General Authority of Survey,19.5,17.5,30.0444196,31.2357116,ANGLE_BASED,STANDARD,STANDARD,0,0,0,0,0,0,0,0,0,,,,,,,
05:11 (WAT),06:31 (WAT),12:43 (WAT),16:05 (WAT),18:55 (WAT),18:55 (WAT),20:06 (WAT),05:01 (WAT),00:43 (WAT),22:47 (WAT),02:39 (WAT),12 May 2026,1778572861,12-05-2026,DD-MM-YYYY,12,Tuesday,5,May,2026,AD,Anno Domini,false,25-11-1447,DD-MM-YYYY,25,Al Thalaata,الثلاثاء,11,Dhū al-Qaʿdah,ذوالقعدة,30,1447,AH,Anno Hegirae,HJCoSA,8.8888888,7.7777777,Africa/Lagos,5,Egyptian General Authority of Survey,19.5,17.5,30.0444196,31.2357116,ANGLE_BASED,STANDARD,STANDARD,0,0,0,0,0,0,0,0,0,,,,,,,
05:11 (WAT),06:31 (WAT),12:43 (WAT),16:05 (WAT),18:55 (WAT),18:55 (WAT),20:07 (WAT),05:01 (WAT),00:43 (WAT),22:47 (WAT),02:39 (WAT),13 May 2026,1778659261,13-05-2026,DD-MM-YYYY,13,Wednesday,5,May,2026,AD,Anno Domini,false,26-11-1447,DD-MM-YYYY,26,Al Arba'a,الاربعاء,11,Dhū al-Qaʿdah,ذوالقعدة,30,1447,AH,Anno Hegirae,HJCoSA,8.8888888,7.7777777,Africa/Lagos,5,Egyptian General Authority of Survey,19.5,17.5,30.0444196,31.2357116,ANGLE_BASED,STANDARD,STANDARD,0,0,0,0,0,0,0,0,0,,,,,,,
05:11 (WAT),06:31 (WAT),12:43 (WAT),16:05 (WAT),18:55 (WAT),18:55 (WAT),20:07 (WAT),05:01 (WAT),00:43 (WAT),22:47 (WAT),02:39 (WAT),14 May 2026,1778745661,14-05-2026,DD-MM-YYYY,14,Thursday,5,May,2026,AD,Anno Domini,false,27-11-1447,DD-MM-YYYY,27,Al Khamees,الخميس,11,Dhū al-Qaʿdah,ذوالقعدة,30,1447,AH,Anno Hegirae,HJCoSA,8.8888888,7.7777777,Africa/Lagos,5,Egyptian General Authority of Survey,19.5,17.5,30.0444196,31.2357116,ANGLE_BASED,STANDARD,STANDARD,0,0,0,0,0,0,0,0,0,,,,,,,
05:10 (WAT),06:31 (WAT),12:43 (WAT),16:06 (WAT),18:55 (WAT),18:55 (WAT),20:07 (WAT),05:00 (WAT),00:43 (WAT),22:47 (WAT),02:39 (WAT),15 May 2026,1778832061,15-05-2026,DD-MM-YYYY,15,Friday,5,May,2026,AD,Anno Domini,false,28-11-1447,DD-MM-YYYY,28,Al Juma'a,الجمعة,11,Dhū al-Qaʿdah,ذوالقعدة,30,1447,AH,Anno Hegirae,HJCoSA,8.8888888,7.7777777,Africa/Lagos,5,Egyptian General Authority of Survey,19.5,17.5,30.0444196,31.2357116,ANGLE_BASED,STANDARD,STANDARD,0,0,0,0,0,0,0,0,0,,,,,,,
05:10 (WAT),06:30 (WAT),12:43 (WAT),16:06 (WAT),18:56 (WAT),18:56 (WAT),20:07 (WAT),05:00 (WAT),00:43 (WAT),22:47 (WAT),02:39 (WAT),16 May 2026,1778918461,16-05-2026,DD-MM-YYYY,16,Saturday,5,May,2026,AD,Anno Domini,false,29-11-1447,DD-MM-YYYY,29,Al Sabt,السبت,11,Dhū al-Qaʿdah,ذوالقعدة,30,1447,AH,Anno Hegirae,HJCoSA,8.8888888,7.7777777,Africa/Lagos,5,Egyptian General Authority of Survey,19.5,17.5,30.0444196,31.2357116,ANGLE_BASED,STANDARD,STANDARD,0,0,0,0,0,0,0,0,0,,,,,,,
05:10 (WAT),06:30 (WAT),12:43 (WAT),16:06 (WAT),18:56 (WAT),18:56 (WAT),20:08 (WAT),05:00 (WAT),00:43 (WAT),22:47 (WAT),02:39 (WAT),17 May 2026,1779004861,17-05-2026,DD-MM-YYYY,17,Sunday,5,May,2026,AD,Anno Domini,false,30-11-1447,DD-MM-YYYY,30,Al Ahad,الاحد,11,Dhū al-Qaʿdah,ذوالقعدة,30,1447,AH,Anno Hegirae,HJCoSA,8.8888888,7.7777777,Africa/Lagos,5,Egyptian General Authority of Survey,19.5,17.5,30.0444196,31.2357116,ANGLE_BASED,STANDARD,STANDARD,0,0,0,0,0,0,0,0,0,,,,,,,
05:10 (WAT),06:30 (WAT),12:43 (WAT),16:06 (WAT),18:56 (WAT),18:56 (WAT),20:08 (WAT),05:00 (WAT),00:43 (WAT),22:47 (WAT),02:39 (WAT),18 May 2026,1779091261,18-05-2026,DD-MM-YYYY,18,Monday,5,May,2026,AD,Anno Domini,false,01-12-1447,DD-MM-YYYY,1,Al Athnayn,الاثنين,12,Dhū al-Ḥijjah,ذوالحجة,29,1447,AH,Anno Hegirae,HJCoSA,8.8888888,7.7777777,Africa/Lagos,5,Egyptian General Authority of Survey,19.5,17.5,30.0444196,31.2357116,ANGLE_BASED,STANDARD,STANDARD,0,0,0,0,0,0,0,0,0,,,,,,,
05:09 (WAT),06:30 (WAT),12:43 (WAT),16:07 (WAT),18:56 (WAT),18:56 (WAT),20:08 (WAT),04:59 (WAT),00:43 (WAT),22:47 (WAT),02:39 (WAT),19 May 2026,1779177661,19-05-2026,DD-MM-YYYY,19,Tuesday,5,May,2026,AD,Anno Domini,false,02-12-1447,DD-MM-YYYY,2,Al Thalaata,الثلاثاء,12,Dhū al-Ḥijjah,ذوالحجة,29,1447,AH,Anno Hegirae,HJCoSA,8.8888888,7.7777777,Africa/Lagos,5,Egyptian General Authority of Survey,19.5,17.5,30.0444196,31.2357116,ANGLE_BASED,STANDARD,STANDARD,0,0,0,0,0,0,0,0,0,,,,,,,
05:09 (WAT),06:30 (WAT),12:43 (WAT),16:07 (WAT),18:56 (WAT),18:56 (WAT),20:08 (WAT),04:59 (WAT),00:43 (WAT),22:48 (WAT),02:39 (WAT),20 May 2026,1779264061,20-05-2026,DD-MM-YYYY,20,Wednesday,5,May,2026,AD,Anno Domini,false,03-12-1447,DD-MM-YYYY,3,Al Arba'a,الاربعاء,12,Dhū al-Ḥijjah,ذوالحجة,29,1447,AH,Anno Hegirae,HJCoSA,8.8888888,7.7777777,Africa/Lagos,5,Egyptian General Authority of Survey,19.5,17.5,30.0444196,31.2357116,ANGLE_BASED,STANDARD,STANDARD,0,0,0,0,0,0,0,0,0,,,,,,,
05:09 (WAT),06:30 (WAT),12:43 (WAT),16:07 (WAT),18:56 (WAT),18:56 (WAT),20:09 (WAT),04:59 (WAT),00:43 (WAT),22:48 (WAT),02:39 (WAT),21 May 2026,1779350461,21-05-2026,DD-MM-YYYY,21,Thursday,5,May,2026,AD,Anno Domini,false,04-12-1447,DD-MM-YYYY,4,Al Khamees,الخميس,12,Dhū al-Ḥijjah,ذوالحجة,29,1447,AH,Anno Hegirae,HJCoSA,8.8888888,7.7777777,Africa/Lagos,5,Egyptian General Authority of Survey,19.5,17.5,30.0444196,31.2357116,ANGLE_BASED,STANDARD,STANDARD,0,0,0,0,0,0,0,0,0,,,,,,,
05:09 (WAT),06:30 (WAT),12:43 (WAT),16:08 (WAT),18:57 (WAT),18:57 (WAT),20:09 (WAT),04:59 (WAT),00:43 (WAT),22:48 (WAT),02:39 (WAT),22 May 2026,1779436861,22-05-2026,DD-MM-YYYY,22,Friday,5,May,2026,AD,Anno Domini,false,05-12-1447,DD-MM-YYYY,5,Al Juma'a,الجمعة,12,Dhū al-Ḥijjah,ذوالحجة,29,1447,AH,Anno Hegirae,HJCoSA,8.8888888,7.7777777,Africa/Lagos,5,Egyptian General Authority of Survey,19.5,17.5,30.0444196,31.2357116,ANGLE_BASED,STANDARD,STANDARD,0,0,0,0,0,0,0,0,0,,,,,,,
05:09 (WAT),06:30 (WAT),12:43 (WAT),16:08 (WAT),18:57 (WAT),18:57 (WAT),20:09 (WAT),04:59 (WAT),00:43 (WAT),22:48 (WAT),02:39 (WAT),23 May 2026,1779523261,23-05-2026,DD-MM-YYYY,23,Saturday,5,May,2026,AD,Anno Domini,false,06-12-1447,DD-MM-YYYY,6,Al Sabt,السبت,12,Dhū al-Ḥijjah,ذوالحجة,29,1447,AH,Anno Hegirae,HJCoSA,8.8888888,7.7777777,Africa/Lagos,5,Egyptian General Authority of Survey,19.5,17.5,30.0444196,31.2357116,ANGLE_BASED,STANDARD,STANDARD,0,0,0,0,0,0,0,0,0,,,,,,,
05:09 (WAT),06:30 (WAT),12:43 (WAT),16:08 (WAT),18:57 (WAT),18:57 (WAT),20:10 (WAT),04:59 (WAT),00:44 (WAT),22:48 (WAT),02:39 (WAT),24 May 2026,1779609661,24-05-2026,DD-MM-YYYY,24,Sunday,5,May,2026,AD,Anno Domini,false,07-12-1447,DD-MM-YYYY,7,Al Ahad,الاحد,12,Dhū al-Ḥijjah,ذوالحجة,29,1447,AH,Anno Hegirae,HJCoSA,8.8888888,7.7777777,Africa/Lagos,5,Egyptian General Authority of Survey,19.5,17.5,30.0444196,31.2357116,ANGLE_BASED,STANDARD,STANDARD,0,0,0,0,0,0,0,0,0,,,,,,,
05:08 (WAT),06:30 (WAT),12:44 (WAT),16:09 (WAT),18:57 (WAT),18:57 (WAT),20:10 (WAT),04:58 (WAT),00:44 (WAT),22:48 (WAT),02:39 (WAT),25 May 2026,1779696061,25-05-2026,DD-MM-YYYY,25,Monday,5,May,2026,AD,Anno Domini,false,08-12-1447,DD-MM-YYYY,8,Al Athnayn,الاثنين,12,Dhū al-Ḥijjah,ذوالحجة,29,1447,AH,Anno Hegirae,HJCoSA,8.8888888,7.7777777,Africa/Lagos,5,Egyptian General Authority of Survey,19.5,17.5,30.0444196,31.2357116,ANGLE_BASED,STANDARD,STANDARD,0,0,0,0,0,0,0,0,0,Hajj,,,,,,
05:08 (WAT),06:30 (WAT),12:44 (WAT),16:09 (WAT),18:57 (WAT),18:57 (WAT),20:10 (WAT),04:58 (WAT),00:44 (WAT),22:48 (WAT),02:39 (WAT),26 May 2026,1779782461,26-05-2026,DD-MM-YYYY,26,Tuesday,5,May,2026,AD,Anno Domini,false,09-12-1447,DD-MM-YYYY,9,Al Thalaata,الثلاثاء,12,Dhū al-Ḥijjah,ذوالحجة,29,1447,AH,Anno Hegirae,HJCoSA,8.8888888,7.7777777,Africa/Lagos,5,Egyptian General Authority of Survey,19.5,17.5,30.0444196,31.2357116,ANGLE_BASED,STANDARD,STANDARD,0,0,0,0,0,0,0,0,0,Hajj,Arafa,,,,,
05:08 (WAT),06:30 (WAT),12:44 (WAT),16:09 (WAT),18:58 (WAT),18:58 (WAT),20:11 (WAT),04:58 (WAT),00:44 (WAT),22:48 (WAT),02:39 (WAT),27 May 2026,1779868861,27-05-2026,DD-MM-YYYY,27,Wednesday,5,May,2026,AD,Anno Domini,false,10-12-1447,DD-MM-YYYY,10,Al Arba'a,الاربعاء,12,Dhū al-Ḥijjah,ذوالحجة,29,1447,AH,Anno Hegirae,HJCoSA,8.8888888,7.7777777,Africa/Lagos,5,Egyptian General Authority of Survey,19.5,17.5,30.0444196,31.2357116,ANGLE_BASED,STANDARD,STANDARD,0,0,0,0,0,0,0,0,0,Eid-ul-Adha,Hajj,Urs Ismail Muhammad ash-Shirwani ق,,,,
05:08 (WAT),06:30 (WAT),12:44 (WAT),16:09 (WAT),18:58 (WAT),18:58 (WAT),20:11 (WAT),04:58 (WAT),00:44 (WAT),22:49 (WAT),02:39 (WAT),28 May 2026,1779955261,28-05-2026,DD-MM-YYYY,28,Thursday,5,May,2026,AD,Anno Domini,false,11-12-1447,DD-MM-YYYY,11,Al Khamees,الخميس,12,Dhū al-Ḥijjah,ذوالحجة,29,1447,AH,Anno Hegirae,HJCoSA,8.8888888,7.7777777,Africa/Lagos,5,Egyptian General Authority of Survey,19.5,17.5,30.0444196,31.2357116,ANGLE_BASED,STANDARD,STANDARD,0,0,0,0,0,0,0,0,0,Hajj,Urs of Uthman ibn Affan (3rd Caliph) (ر),,,,,
05:08 (WAT),06:30 (WAT),12:44 (WAT),16:10 (WAT),18:58 (WAT),18:58 (WAT),20:11 (WAT),04:58 (WAT),00:44 (WAT),22:49 (WAT),02:39 (WAT),29 May 2026,1780041661,29-05-2026,DD-MM-YYYY,29,Friday,5,May,2026,AD,Anno Domini,false,12-12-1447,DD-MM-YYYY,12,Al Juma'a,الجمعة,12,Dhū al-Ḥijjah,ذوالحجة,29,1447,AH,Anno Hegirae,HJCoSA,8.8888888,7.7777777,Africa/Lagos,5,Egyptian General Authority of Survey,19.5,17.5,30.0444196,31.2357116,ANGLE_BASED,STANDARD,STANDARD,0,0,0,0,0,0,0,0,0,Hajj,,,,,,
05:08 (WAT),06:30 (WAT),12:44 (WAT),16:10 (WAT),18:58 (WAT),18:58 (WAT),20:11 (WAT),04:58 (WAT),00:44 (WAT),22:49 (WAT),02:40 (WAT),30 May 2026,1780128061,30-05-2026,DD-MM-YYYY,30,Saturday,5,May,2026,AD,Anno Domini,false,13-12-1447,DD-MM-YYYY,13,Al Sabt,السبت,12,Dhū al-Ḥijjah,ذوالحجة,29,1447,AH,Anno Hegirae,HJCoSA,8.8888888,7.7777777,Africa/Lagos,5,Egyptian General Authority of Survey,19.5,17.5,30.0444196,31.2357116,ANGLE_BASED,STANDARD,STANDARD,0,0,0,0,0,0,0,0,0,Hajj,,,,,,
05:08 (WAT),06:30 (WAT),12:44 (WAT),16:10 (WAT),18:58 (WAT),18:58 (WAT),20:12 (WAT),04:58 (WAT),00:44 (WAT),22:49 (WAT),02:40 (WAT),31 May 2026,1780214461,31-05-2026,DD-MM-YYYY,31,Sunday,5,May,2026,AD,Anno Domini,false,14-12-1447,DD-MM-YYYY,14,Al Ahad,الاحد,12,Dhū al-Ḥijjah,ذوالحجة,29,1447,AH,Anno Hegirae,HJCoSA,8.8888888,7.7777777,Africa/Lagos,5,Egyptian General Authority of Survey,19.5,17.5,30.0444196,31.2357116,ANGLE_BASED,STANDARD,STANDARD,0,0,0,0,0,0,0,0,0,,,,,,,
05:08 (WAT),06:30 (WAT),12:44 (WAT),16:11 (WAT),18:59 (WAT),18:59 (WAT),20:12 (WAT),04:58 (WAT),00:45 (WAT),22:49 (WAT),02:40 (WAT),01 Jun 2026,1780300861,01-06-2026,DD-MM-YYYY,01,Monday,6,June,2026,AD,Anno Domini,false,15-12-1447,DD-MM-YYYY,15,Al Athnayn,الاثنين,12,Dhū al-Ḥijjah,ذوالحجة,29,1447,AH,Anno Hegirae,HJCoSA,8.8888888,7.7777777,Africa/Lagos,5,Egyptian General Authority of Survey,19.5,17.5,30.0444196,31.2357116,ANGLE_BASED,STANDARD,STANDARD,0,0,0,0,0,0,0,0,0,,,,,,,
05:08 (WAT),06:30 (WAT),12:45 (WAT),16:11 (WAT),18:59 (WAT),18:59 (WAT),20:12 (WAT),04:58 (WAT),00:45 (WAT),22:49 (WAT),02:40 (WAT),02 Jun 2026,1780387261,02-06-2026,DD-MM-YYYY,02,Tuesday,6,June,2026,AD,Anno Domini,false,16-12-1447,DD-MM-YYYY,16,Al Thalaata,الثلاثاء,12,Dhū al-Ḥijjah,ذوالحجة,29,1447,AH,Anno Hegirae,HJCoSA,8.8888888,7.7777777,Africa/Lagos,5,Egyptian General Authority of Survey,19.5,17.5,30.0444196,31.2357116,ANGLE_BASED,STANDARD,STANDARD,0,0,0,0,0,0,0,0,0,,,,,,,
05:08 (WAT),06:31 (WAT),12:45 (WAT),16:11 (WAT),18:59 (WAT),18:59 (WAT),20:13 (WAT),04:58 (WAT),00:45 (WAT),22:50 (WAT),02:40 (WAT),03 Jun 2026,1780473661,03-06-2026,DD-MM-YYYY,03,Wednesday,6,June,2026,AD,Anno Domini,false,17-12-1447,DD-MM-YYYY,17,Al Arba'a,الاربعاء,12,Dhū al-Ḥijjah,ذوالحجة,29,1447,AH,Anno Hegirae,HJCoSA,8.8888888,7.7777777,Africa/Lagos,5,Egyptian General Authority of Survey,19.5,17.5,30.0444196,31.2357116,ANGLE_BASED,STANDARD,STANDARD,0,0,0,0,0,0,0,0,0,,,,,,,
05:08 (WAT),06:31 (WAT),12:45 (WAT),16:11 (WAT),18:59 (WAT),18:59 (WAT),20:13 (WAT),04:58 (WAT),00:45 (WAT),22:50 (WAT),02:40 (WAT),04 Jun 2026,1780560061,04-06-2026,DD-MM-YYYY,04,Thursday,6,June,2026,AD,Anno Domini,false,18-12-1447,DD-MM-YYYY,18,Al Khamees,الخميس,12,Dhū al-Ḥijjah,ذوالحجة,29,1447,AH,Anno Hegirae,HJCoSA,8.8888888,7.7777777,Africa/Lagos,5,Egyptian General Authority of Survey,19.5,17.5,30.0444196,31.2357116,ANGLE_BASED,STANDARD,STANDARD,0,0,0,0,0,0,0,0,0,,,,,,,
05:08 (WAT),06:31 (WAT),12:45 (WAT),16:12 (WAT),19:00 (WAT),19:00 (WAT),20:13 (WAT),04:58 (WAT),00:45 (WAT),22:50 (WAT),02:40 (WAT),05 Jun 2026,1780646461,05-06-2026,DD-MM-YYYY,05,Friday,6,June,2026,AD,Anno Domini,false,19-12-1447,DD-MM-YYYY,19,Al Juma'a,الجمعة,12,Dhū al-Ḥijjah,ذوالحجة,29,1447,AH,Anno Hegirae,HJCoSA,8.8888888,7.7777777,Africa/Lagos,5,Egyptian General Authority of Survey,19.5,17.5,30.0444196,31.2357116,ANGLE_BASED,STANDARD,STANDARD,0,0,0,0,0,0,0,0,0,First time Adhan was called in 622 AD,,,,,,
05:08 (WAT),06:31 (WAT),12:45 (WAT),16:12 (WAT),19:00 (WAT),19:00 (WAT),20:14 (WAT),04:58 (WAT),00:45 (WAT),22:50 (WAT),02:41 (WAT),06 Jun 2026,1780732861,06-06-2026,DD-MM-YYYY,06,Saturday,6,June,2026,AD,Anno Domini,false,20-12-1447,DD-MM-YYYY,20,Al Sabt,السبت,12,Dhū al-Ḥijjah,ذوالحجة,29,1447,AH,Anno Hegirae,HJCoSA,8.8888888,7.7777777,Africa/Lagos,5,Egyptian General Authority of Survey,19.5,17.5,30.0444196,31.2357116,ANGLE_BASED,STANDARD,STANDARD,0,0,0,0,0,0,0,0,0,,,,,,,
05:08 (WAT),06:31 (WAT),12:46 (WAT),16:12 (WAT),19:00 (WAT),19:00 (WAT),20:14 (WAT),04:58 (WAT),00:46 (WAT),22:50 (WAT),02:41 (WAT),07 Jun 2026,1780819261,07-06-2026,DD-MM-YYYY,07,Sunday,6,June,2026,AD,Anno Domini,false,21-12-1447,DD-MM-YYYY,21,Al Ahad,الاحد,12,Dhū al-Ḥijjah,ذوالحجة,29,1447,AH,Anno Hegirae,HJCoSA,8.8888888,7.7777777,Africa/Lagos,5,Egyptian General Authority of Survey,19.5,17.5,30.0444196,31.2357116,ANGLE_BASED,STANDARD,STANDARD,0,0,0,0,0,0,0,0,0,,,,,,,
05:08 (WAT),06:31 (WAT),12:46 (WAT),16:13 (WAT),19:00 (WAT),19:00 (WAT),20:14 (WAT),04:58 (WAT),00:46 (WAT),22:51 (WAT),02:41 (WAT),08 Jun 2026,1780905661,08-06-2026,DD-MM-YYYY,08,Monday,6,June,2026,AD,Anno Domini,false,22-12-1447,DD-MM-YYYY,22,Al Athnayn,الاثنين,12,Dhū al-Ḥijjah,ذوالحجة,29,1447,AH,Anno Hegirae,HJCoSA,8.8888888,7.7777777,Africa/Lagos,5,Egyptian General Authority of Survey,19.5,17.5,30.0444196,31.2357116,ANGLE_BASED,STANDARD,STANDARD,0,0,0,0,0,0,0,0,0,,,,,,,
05:08 (WAT),06:31 (WAT),12:46 (WAT),16:13 (WAT),19:01 (WAT),19:01 (WAT),20:14 (WAT),04:58 (WAT),00:46 (WAT),22:51 (WAT),02:41 (WAT),09 Jun 2026,1780992061,09-06-2026,DD-MM-YYYY,09,Tuesday,6,June,2026,AD,Anno Domini,false,23-12-1447,DD-MM-YYYY,23,Al Thalaata,الثلاثاء,12,Dhū al-Ḥijjah,ذوالحجة,29,1447,AH,Anno Hegirae,HJCoSA,8.8888888,7.7777777,Africa/Lagos,5,Egyptian General Authority of Survey,19.5,17.5,30.0444196,31.2357116,ANGLE_BASED,STANDARD,STANDARD,0,0,0,0,0,0,0,0,0,,,,,,,
05:08 (WAT),06:31 (WAT),12:46 (WAT),16:13 (WAT),19:01 (WAT),19:01 (WAT),20:15 (WAT),04:58 (WAT),00:46 (WAT),22:51 (WAT),02:41 (WAT),10 Jun 2026,1781078461,10-06-2026,DD-MM-YYYY,10,Wednesday,6,June,2026,AD,Anno Domini,false,24-12-1447,DD-MM-YYYY,24,Al Arba'a,الاربعاء,12,Dhū al-Ḥijjah,ذوالحجة,29,1447,AH,Anno Hegirae,HJCoSA,8.8888888,7.7777777,Africa/Lagos,5,Egyptian General Authority of Survey,19.5,17.5,30.0444196,31.2357116,ANGLE_BASED,STANDARD,STANDARD,0,0,0,0,0,0,0,0,0,,,,,,,
05:09 (WAT),06:32 (WAT),12:46 (WAT),16:13 (WAT),19:01 (WAT),19:01 (WAT),20:15 (WAT),04:59 (WAT),00:46 (WAT),22:51 (WAT),02:41 (WAT),11 Jun 2026,1781164861,11-06-2026,DD-MM-YYYY,11,Thursday,6,June,2026,AD,Anno Domini,false,25-12-1447,DD-MM-YYYY,25,Al Khamees,الخميس,12,Dhū al-Ḥijjah,ذوالحجة,29,1447,AH,Anno Hegirae,HJCoSA,8.8888888,7.7777777,Africa/Lagos,5,Egyptian General Authority of Survey,19.5,17.5,30.0444196,31.2357116,ANGLE_BASED,STANDARD,STANDARD,0,0,0,0,0,0,0,0,0,,,,,,,
05:09 (WAT),06:32 (WAT),12:47 (WAT),16:14 (WAT),19:01 (WAT),19:01 (WAT),20:15 (WAT),04:59 (WAT),00:47 (WAT),22:51 (WAT),02:42 (WAT),12 Jun 2026,1781251261,12-06-2026,DD-MM-YYYY,12,Friday,6,June,2026,AD,Anno Domini,false,26-12-1447,DD-MM-YYYY,26,Al Juma'a,الجمعة,12,Dhū al-Ḥijjah,ذوالحجة,29,1447,AH,Anno Hegirae,HJCoSA,8.8888888,7.7777777,Africa/Lagos,5,Egyptian General Authority of Survey,19.5,17.5,30.0444196,31.2357116,ANGLE_BASED,STANDARD,STANDARD,0,0,0,0,0,0,0,0,0,,,,,,,
05:09 (WAT),06:32 (WAT),12:47 (WAT),16:14 (WAT),19:02 (WAT),19:02 (WAT),20:16 (WAT),04:59 (WAT),00:47 (WAT),22:52 (WAT),02:42 (WAT),13 Jun 2026,1781337661,13-06-2026,DD-MM-YYYY,13,Saturday,6,June,2026,AD,Anno Domini,false,27-12-1447,DD-MM-YYYY,27,Al Sabt,السبت,12,Dhū al-Ḥijjah,ذوالحجة,29,1447,AH,Anno Hegirae,HJCoSA,8.8888888,7.7777777,Africa/Lagos,5,Egyptian General Authority of Survey,19.5,17.5,30.0444196,31.2357116,ANGLE_BASED,STANDARD,STANDARD,0,0,0,0,0,0,0,0,0,,,,,,,
05:09 (WAT),06:32 (WAT),12:47 (WAT),16:14 (WAT),19:02 (WAT),19:02 (WAT),20:16 (WAT),04:59 (WAT),00:47 (WAT),22:52 (WAT),02:42 (WAT),14 Jun 2026,1781424061,14-06-2026,DD-MM-YYYY,14,Sunday,6,June,2026,AD,Anno Domini,false,28-12-1447,DD-MM-YYYY,28,Al Ahad,الاحد,12,Dhū al-Ḥijjah,ذوالحجة,29,1447,AH,Anno Hegirae,HJCoSA,8.8888888,7.7777777,Africa/Lagos,5,Egyptian General Authority of Survey,19.5,17.5,30.0444196,31.2357116,ANGLE_BASED,STANDARD,STANDARD,0,0,0,0,0,0,0,0,0,,,,,,,
05:09 (WAT),06:32 (WAT),12:47 (WAT),16:14 (WAT),19:02 (WAT),19:02 (WAT),20:16 (WAT),04:59 (WAT),00:47 (WAT),22:52 (WAT),02:42 (WAT),15 Jun 2026,1781510461,15-06-2026,DD-MM-YYYY,15,Monday,6,June,2026,AD,Anno Domini,false,29-12-1447,DD-MM-YYYY,29,Al Athnayn,الاثنين,12,Dhū al-Ḥijjah,ذوالحجة,29,1447,AH,Anno Hegirae,HJCoSA,8.8888888,7.7777777,Africa/Lagos,5,Egyptian General Authority of Survey,19.5,17.5,30.0444196,31.2357116,ANGLE_BASED,STANDARD,STANDARD,0,0,0,0,0,0,0,0,0,,,,,,,
05:09 (WAT),06:32 (WAT),12:47 (WAT),16:15 (WAT),19:02 (WAT),19:02 (WAT),20:16 (WAT),04:59 (WAT),00:47 (WAT),22:52 (WAT),02:42 (WAT),16 Jun 2026,1781596861,16-06-2026,DD-MM-YYYY,16,Tuesday,6,June,2026,AD,Anno Domini,false,01-01-1448,DD-MM-YYYY,1,Al Thalaata,الثلاثاء,1,Muḥarram,مُحَرَّم,29,1448,AH,Anno Hegirae,HJCoSA,8.8888888,7.7777777,Africa/Lagos,5,Egyptian General Authority of Survey,19.5,17.5,30.0444196,31.2357116,ANGLE_BASED,STANDARD,STANDARD,0,0,0,0,0,0,0,0,0,Birth of Khas Muhammad ash-Shirwani ق,,,,,,
05:09 (WAT),06:33 (WAT),12:48 (WAT),16:15 (WAT),19:02 (WAT),19:02 (WAT),20:17 (WAT),04:59 (WAT),00:48 (WAT),22:53 (WAT),02:43 (WAT),17 Jun 2026,1781683261,17-06-2026,DD-MM-YYYY,17,Wednesday,6,June,2026,AD,Anno Domini,false,02-01-1448,DD-MM-YYYY,2,Al Arba'a,الاربعاء,1,Muḥarram,مُحَرَّم,29,1448,AH,Anno Hegirae,HJCoSA,8.8888888,7.7777777,Africa/Lagos,5,Egyptian General Authority of Survey,19.5,17.5,30.0444196,31.2357116,ANGLE_BASED,STANDARD,STANDARD,0,0,0,0,0,0,0,0,0,,,,,,,
05:10 (WAT),06:33 (WAT),12:48 (WAT),16:15 (WAT),19:03 (WAT),19:03 (WAT),20:17 (WAT),05:00 (WAT),00:48 (WAT),22:53 (WAT),02:43 (WAT),18 Jun 2026,1781769661,18-06-2026,DD-MM-YYYY,18,Thursday,6,June,2026,AD,Anno Domini,false,03-01-1448,DD-MM-YYYY,3,Al Khamees,الخميس,1,Muḥarram,مُحَرَّم,29,1448,AH,Anno Hegirae,HJCoSA,8.8888888,7.7777777,Africa/Lagos,5,Egyptian General Authority of Survey,19.5,17.5,30.0444196,31.2357116,ANGLE_BASED,STANDARD,STANDARD,0,0,0,0,0,0,0,0,0,,,,,,,
05:10 (WAT),06:33 (WAT),12:48 (WAT),16:15 (WAT),19:03 (WAT),19:03 (WAT),20:17 (WAT),05:00 (WAT),00:48 (WAT),22:53 (WAT),02:43 (WAT),19 Jun 2026,1781856061,19-06-2026,DD-MM-YYYY,19,Friday,6,June,2026,AD,Anno Domini,false,04-01-1448,DD-MM-YYYY,4,Al Juma'a,الجمعة,1,Muḥarram,مُحَرَّم,29,1448,AH,Anno Hegirae,HJCoSA,8.8888888,7.7777777,Africa/Lagos,5,Egyptian General Authority of Survey,19.5,17.5,30.0444196,31.2357116,ANGLE_BASED,STANDARD,STANDARD,0,0,0,0,0,0,0,0,0,,,,,,,
05:10 (WAT),06:33 (WAT),12:48 (WAT),16:16 (WAT),19:03 (WAT),19:03 (WAT),20:17 (WAT),05:00 (WAT),00:48 (WAT),22:53 (WAT),02:43 (WAT),20 Jun 2026,1781942461,20-06-2026,DD-MM-YYYY,20,Saturday,6,June,2026,AD,Anno Domini,false,05-01-1448,DD-MM-YYYY,5,Al Sabt,السبت,1,Muḥarram,مُحَرَّم,29,1448,AH,Anno Hegirae,HJCoSA,8.8888888,7.7777777,Africa/Lagos,5,Egyptian General Authority of Survey,19.5,17.5,30.0444196,31.2357116,ANGLE_BASED,STANDARD,STANDARD,0,0,0,0,0,0,0,0,0,,,,,,,
05:10 (WAT),06:34 (WAT),12:48 (WAT),16:16 (WAT),19:03 (WAT),19:03 (WAT),20:18 (WAT),05:00 (WAT),00:48 (WAT),22:53 (WAT),02:43 (WAT),21 Jun 2026,1782028861,21-06-2026,DD-MM-YYYY,21,Sunday,6,June,2026,AD,Anno Domini,false,06-01-1448,DD-MM-YYYY,6,Al Ahad,الاحد,1,Muḥarram,مُحَرَّم,29,1448,AH,Anno Hegirae,HJCoSA,8.8888888,7.7777777,Africa/Lagos,5,Egyptian General Authority of Survey,19.5,17.5,30.0444196,31.2357116,ANGLE_BASED,STANDARD,STANDARD,0,0,0,0,0,0,0,0,0,,,,,,,
05:10 (WAT),06:34 (WAT),12:49 (WAT),16:16 (WAT),19:04 (WAT),19:04 (WAT),20:18 (WAT),05:00 (WAT),00:49 (WAT),22:54 (WAT),02:44 (WAT),22 Jun 2026,1782115261,22-06-2026,DD-MM-YYYY,22,Monday,6,June,2026,AD,Anno Domini,false,07-01-1448,DD-MM-YYYY,7,Al Athnayn,الاثنين,1,Muḥarram,مُحَرَّم,29,1448,AH,Anno Hegirae,HJCoSA,8.8888888,7.7777777,Africa/Lagos,5,Egyptian General Authority of Survey,19.5,17.5,30.0444196,31.2357116,ANGLE_BASED,STANDARD,STANDARD,0,0,0,0,0,0,0,0,0,,,,,,,
05:11 (WAT),06:34 (WAT),12:49 (WAT),16:16 (WAT),19:04 (WAT),19:04 (WAT),20:18 (WAT),05:01 (WAT),00:49 (WAT),22:54 (WAT),02:44 (WAT),23 Jun 2026,1782201661,23-06-2026,DD-MM-YYYY,23,Tuesday,6,June,2026,AD,Anno Domini,false,08-01-1448,DD-MM-YYYY,8,Al Thalaata,الثلاثاء,1,Muḥarram,مُحَرَّم,29,1448,AH,Anno Hegirae,HJCoSA,8.8888888,7.7777777,Africa/Lagos,5,Egyptian General Authority of Survey,19.5,17.5,30.0444196,31.2357116,ANGLE_BASED,STANDARD,STANDARD,0,0,0,0,0,0,0,0,0,,,,,,,
05:11 (WAT),06:34 (WAT),12:49 (WAT),16:16 (WAT),19:04 (WAT),19:04 (WAT),20:18 (WAT),05:01 (WAT),00:49 (WAT),22:54 (WAT),02:44 (WAT),24 Jun 2026,1782288061,24-06-2026,DD-MM-YYYY,24,Wednesday,6,June,2026,AD,Anno Domini,false,09-01-1448,DD-MM-YYYY,9,Al Arba'a,الاربعاء,1,Muḥarram,مُحَرَّم,29,1448,AH,Anno Hegirae,HJCoSA,8.8888888,7.7777777,Africa/Lagos,5,Egyptian General Authority of Survey,19.5,17.5,30.0444196,31.2357116,ANGLE_BASED,STANDARD,STANDARD,0,0,0,0,0,0,0,0,0,Urs of Sayyidina Qāsim ibn Muḥammad ibn Abī Bakr ق,,,,,,
05:11 (WAT),06:34 (WAT),12:49 (WAT),16:17 (WAT),19:04 (WAT),19:04 (WAT),20:18 (WAT),05:01 (WAT),00:49 (WAT),22:54 (WAT),02:44 (WAT),25 Jun 2026,1782374461,25-06-2026,DD-MM-YYYY,25,Thursday,6,June,2026,AD,Anno Domini,false,10-01-1448,DD-MM-YYYY,10,Al Khamees,الخميس,1,Muḥarram,مُحَرَّم,29,1448,AH,Anno Hegirae,HJCoSA,8.8888888,7.7777777,Africa/Lagos,5,Egyptian General Authority of Survey,19.5,17.5,30.0444196,31.2357116,ANGLE_BASED,STANDARD,STANDARD,0,0,0,0,0,0,0,0,0,Ashura,Urs of Shaykh Shamsuddin Habīb Allah ق,Urs of Shaykh Abū al‑Hassan al‑Kharqāni ق,Birth of Imam Rābbani Ahmad Al-Fāruqi As-Sirhindi ق,,,
05:11 (WAT),06:35 (WAT),12:50 (WAT),16:17 (WAT),19:04 (WAT),19:04 (WAT),20:18 (WAT),05:01 (WAT),00:50 (WAT),22:54 (WAT),02:45 (WAT),26 Jun 2026,1782460861,26-06-2026,DD-MM-YYYY,26,Friday,6,June,2026,AD,Anno Domini,false,11-01-1448,DD-MM-YYYY,11,Al Juma'a,الجمعة,1,Muḥarram,مُحَرَّم,29,1448,AH,Anno Hegirae,HJCoSA,8.8888888,7.7777777,Africa/Lagos,5,Egyptian General Authority of Survey,19.5,17.5,30.0444196,31.2357116,ANGLE_BASED,STANDARD,STANDARD,0,0,0,0,0,0,0,0,0,,,,,,,
05:12 (WAT),06:35 (WAT),12:50 (WAT),16:17 (WAT),19:05 (WAT),19:05 (WAT),20:19 (WAT),05:02 (WAT),00:50 (WAT),22:55 (WAT),02:45 (WAT),27 Jun 2026,1782547261,27-06-2026,DD-MM-YYYY,27,Saturday,6,June,2026,AD,Anno Domini,false,12-01-1448,DD-MM-YYYY,12,Al Sabt,السبت,1,Muḥarram,مُحَرَّم,29,1448,AH,Anno Hegirae,HJCoSA,8.8888888,7.7777777,Africa/Lagos,5,Egyptian General Authority of Survey,19.5,17.5,30.0444196,31.2357116,ANGLE_BASED,STANDARD,STANDARD,0,0,0,0,0,0,0,0,0,,,,,,,
05:12 (WAT),06:35 (WAT),12:50 (WAT),16:17 (WAT),19:05 (WAT),19:05 (WAT),20:19 (WAT),05:02 (WAT),00:50 (WAT),22:55 (WAT),02:45 (WAT),28 Jun 2026,1782633661,28-06-2026,DD-MM-YYYY,28,Sunday,6,June,2026,AD,Anno Domini,false,13-01-1448,DD-MM-YYYY,13,Al Ahad,الاحد,1,Muḥarram,مُحَرَّم,29,1448,AH,Anno Hegirae,HJCoSA,8.8888888,7.7777777,Africa/Lagos,5,Egyptian General Authority of Survey,19.5,17.5,30.0444196,31.2357116,ANGLE_BASED,STANDARD,STANDARD,0,0,0,0,0,0,0,0,0,,,,,,,
05:12 (WAT),06:35 (WAT),12:50 (WAT),16:17 (WAT),19:05 (WAT),19:05 (WAT),20:19 (WAT),05:02 (WAT),00:50 (WAT),22:55 (WAT),02:45 (WAT),29 Jun 2026,1782720061,29-06-2026,DD-MM-YYYY,29,Monday,6,June,2026,AD,Anno Domini,false,14-01-1448,DD-MM-YYYY,14,Al Athnayn,الاثنين,1,Muḥarram,مُحَرَّم,29,1448,AH,Anno Hegirae,HJCoSA,8.8888888,7.7777777,Africa/Lagos,5,Egyptian General Authority of Survey,19.5,17.5,30.0444196,31.2357116,ANGLE_BASED,STANDARD,STANDARD,0,0,0,0,0,0,0,0,0,Birth of Khwaja Bahauddin Shah Naqshband ق,,,,,,
05:13 (WAT),06:36 (WAT),12:50 (WAT),16:17 (WAT),19:05 (WAT),19:05 (WAT),20:19 (WAT),05:03 (WAT),00:50 (WAT),22:55 (WAT),02:45 (WAT),30 Jun 2026,1782806461,30-06-2026,DD-MM-YYYY,30,Tuesday,6,June,2026,AD,Anno Domini,false,15-01-1448,DD-MM-YYYY,15,Al Thalaata,الثلاثاء,1,Muḥarram,مُحَرَّم,29,1448,AH,Anno Hegirae,HJCoSA,8.8888888,7.7777777,Africa/Lagos,5,Egyptian General Authority of Survey,19.5,17.5,30.0444196,31.2357116,ANGLE_BASED,STANDARD,STANDARD,0,0,0,0,0,0,0,0,0,,,,,,,
05:13 (WAT),06:36 (WAT),12:51 (WAT),16:17 (WAT),19:05 (WAT),19:05 (WAT),20:19 (WAT),05:03 (WAT),00:51 (WAT),22:55 (WAT),02:46 (WAT),01 Jul 2026,1782892861,01-07-2026,DD-MM-YYYY,01,Wednesday,7,July,2026,AD,Anno Domini,false,16-01-1448,DD-MM-YYYY,16,Al Arba'a,الاربعاء,1,Muḥarram,مُحَرَّم,29,1448,AH,Anno Hegirae,HJCoSA,8.8888888,7.7777777,Africa/Lagos,5,Egyptian General Authority of Survey,19.5,17.5,30.0444196,31.2357116,ANGLE_BASED,STANDARD,STANDARD,0,0,0,0,0,0,0,0,0,Birth of Shaykh Jamaluddin al-Ghumuqi al-Husayni ق,,,,,,
05:13 (WAT),06:36 (WAT),12:51 (WAT),16:17 (WAT),19:05 (WAT),19:05 (WAT),20:19 (WAT),05:03 (WAT),00:51 (WAT),22:56 (WAT),02:46 (WAT),02 Jul 2026,1782979261,02-07-2026,DD-MM-YYYY,02,Thursday,7,July,2026,AD,Anno Domini,false,17-01-1448,DD-MM-YYYY,17,Al Khamees,الخميس,1,Muḥarram,مُحَرَّم,29,1448,AH,Anno Hegirae,HJCoSA,8.8888888,7.7777777,Africa/Lagos,5,Egyptian General Authority of Survey,19.5,17.5,30.0444196,31.2357116,ANGLE_BASED,STANDARD,STANDARD,0,0,0,0,0,0,0,0,0,Urs of Shaykh Muhammad Effendi al‑Yaraghi ق,,,,,,
05:13 (WAT),06:36 (WAT),12:51 (WAT),16:18 (WAT),19:06 (WAT),19:06 (WAT),20:19 (WAT),05:03 (WAT),00:51 (WAT),22:56 (WAT),02:46 (WAT),03 Jul 2026,1783065661,03-07-2026,DD-MM-YYYY,03,Friday,7,July,2026,AD,Anno Domini,false,18-01-1448,DD-MM-YYYY,18,Al Juma'a,الجمعة,1,Muḥarram,مُحَرَّم,29,1448,AH,Anno Hegirae,HJCoSA,8.8888888,7.7777777,Africa/Lagos,5,Egyptian General Authority of Survey,19.5,17.5,30.0444196,31.2357116,ANGLE_BASED,STANDARD,STANDARD,0,0,0,0,0,0,0,0,0,,,,,,,
05:14 (WAT),06:36 (WAT),12:51 (WAT),16:18 (WAT),19:06 (WAT),19:06 (WAT),20:19 (WAT),05:04 (WAT),00:51 (WAT),22:56 (WAT),02:46 (WAT),04 Jul 2026,1783152061,04-07-2026,DD-MM-YYYY,04,Saturday,7,July,2026,AD,Anno Domini,false,19-01-1448,DD-MM-YYYY,19,Al Sabt,السبت,1,Muḥarram,مُحَرَّم,29,1448,AH,Anno Hegirae,HJCoSA,8.8888888,7.7777777,Africa/Lagos,5,Egyptian General Authority of Survey,19.5,17.5,30.0444196,31.2357116,ANGLE_BASED,STANDARD,STANDARD,0,0,0,0,0,0,0,0,0,Urs of Shaykh Darwish Muhammad ق,,,,,,
05:14 (WAT),06:37 (WAT),12:51 (WAT),16:18 (WAT),19:06 (WAT),19:06 (WAT),20:20 (WAT),05:04 (WAT),00:51 (WAT),22:56 (WAT),02:46 (WAT),05 Jul 2026,1783238461,05-07-2026,DD-MM-YYYY,05,Sunday,7,July,2026,AD,Anno Domini,false,20-01-1448,DD-MM-YYYY,20,Al Ahad,الاحد,1,Muḥarram,مُحَرَّم,29,1448,AH,Anno Hegirae,HJCoSA,8.8888888,7.7777777,Africa/Lagos,5,Egyptian General Authority of Survey,19.5,17.5,30.0444196,31.2357116,ANGLE_BASED,STANDARD,STANDARD,0,0,0,0,0,0,0,0,0,,,,,,,
05:14 (WAT),06:37 (WAT),12:51 (WAT),16:18 (WAT),19:06 (WAT),19:06 (WAT),20:20 (WAT),05:04 (WAT),00:51 (WAT),22:56 (WAT),02:47 (WAT),06 Jul 2026,1783324861,06-07-2026,DD-MM-YYYY,06,Monday,7,July,2026,AD,Anno Domini,false,21-01-1448,DD-MM-YYYY,21,Al Athnayn,الاثنين,1,Muḥarram,مُحَرَّم,29,1448,AH,Anno Hegirae,HJCoSA,8.8888888,7.7777777,Africa/Lagos,5,Egyptian General Authority of Survey,19.5,17.5,30.0444196,31.2357116,ANGLE_BASED,STANDARD,STANDARD,0,0,0,0,0,0,0,0,0,,,,,,,
05:15 (WAT),06:37 (WAT),12:52 (WAT),16:18 (WAT),19:06 (WAT),19:06 (WAT),20:20 (WAT),05:05 (WAT),00:52 (WAT),22:56 (WAT),02:47 (WAT),07 Jul 2026,1783411261,07-07-2026,DD-MM-YYYY,07,Tuesday,7,July,2026,AD,Anno Domini,false,22-01-1448,DD-MM-YYYY,22,Al Thalaata,الثلاثاء,1,Muḥarram,مُحَرَّم,29,1448,AH,Anno Hegirae,HJCoSA,8.8888888,7.7777777,Africa/Lagos,5,Egyptian General Authority of Survey,19.5,17.5,30.0444196,31.2357116,ANGLE_BASED,STANDARD,STANDARD,0,0,0,0,0,0,0,0,0,,,,,,,
05:15 (WAT),06:37 (WAT),12:52 (WAT),16:18 (WAT),19:06 (WAT),19:06 (WAT),20:20 (WAT),05:05 (WAT),00:52 (WAT),22:57 (WAT),02:47 (WAT),08 Jul 2026,1783497661,08-07-2026,DD-MM-YYYY,08,Wednesday,7,July,2026,AD,Anno Domini,false,23-01-1448,DD-MM-YYYY,23,Al Arba'a,الاربعاء,1,Muḥarram,مُحَرَّم,29,1448,AH,Anno Hegirae,HJCoSA,8.8888888,7.7777777,Africa/Lagos,5,Egyptian General Authority of Survey,19.5,17.5,30.0444196,31.2357116,ANGLE_BASED,STANDARD,STANDARD,0,0,0,0,0,0,0,0,0,,,,,,,
05:15 (WAT),06:38 (WAT),12:52 (WAT),16:18 (WAT),19:06 (WAT),19:06 (WAT),20:20 (WAT),05:05 (WAT),00:52 (WAT),22:57 (WAT),02:47 (WAT),09 Jul 2026,1783584061,09-07-2026,DD-MM-YYYY,09,Thursday,7,July,2026,AD,Anno Domini,false,24-01-1448,DD-MM-YYYY,24,Al Khamees,الخميس,1,Muḥarram,مُحَرَّم,29,1448,AH,Anno Hegirae,HJCoSA,8.8888888,7.7777777,Africa/Lagos,5,Egyptian General Authority of Survey,19.5,17.5,30.0444196,31.2357116,ANGLE_BASED,STANDARD,STANDARD,0,0,0,0,0,0,0,0,0,,,,,,,
05:15 (WAT),06:38 (WAT),12:52 (WAT),16:18 (WAT),19:06 (WAT),19:06 (WAT),20:20 (WAT),05:05 (WAT),00:52 (WAT),22:57 (WAT),02:47 (WAT),10 Jul 2026,1783670461,10-07-2026,DD-MM-YYYY,10,Friday,7,July,2026,AD,Anno Domini,false,25-01-1448,DD-MM-YYYY,25,Al Juma'a,الجمعة,1,Muḥarram,مُحَرَّم,29,1448,AH,Anno Hegirae,HJCoSA,8.8888888,7.7777777,Africa/Lagos,5,Egyptian General Authority of Survey,19.5,17.5,30.0444196,31.2357116,ANGLE_BASED,STANDARD,STANDARD,0,0,0,0,0,0,0,0,0,Urs of Sayyidina Ali ibn Zayn al-Abidin ق,,,,,,
05:16 (WAT),06:38 (WAT),12:52 (WAT),16:18 (WAT),19:06 (WAT),19:06 (WAT),20:20 (WAT),05:06 (WAT),00:52 (WAT),22:57 (WAT),02:47 (WAT),11 Jul 2026,1783756861,11-07-2026,DD-MM-YYYY,11,Saturday,7,July,2026,AD,Anno Domini,false,26-01-1448,DD-MM-YYYY,26,Al Sabt,السبت,1,Muḥarram,مُحَرَّم,29,1448,AH,Anno Hegirae,HJCoSA,8.8888888,7.7777777,Africa/Lagos,5,Egyptian General Authority of Survey,19.5,17.5,30.0444196,31.2357116,ANGLE_BASED,STANDARD,STANDARD,0,0,0,0,0,0,0,0,0,,,,,,,
05:16 (WAT),06:38 (WAT),12:52 (WAT),16:18 (WAT),19:06 (WAT),19:06 (WAT),20:20 (WAT),05:06 (WAT),00:52 (WAT),22:57 (WAT),02:48 (WAT),12 Jul 2026,1783843261,12-07-2026,DD-MM-YYYY,12,Sunday,7,July,2026,AD,Anno Domini,false,27-01-1448,DD-MM-YYYY,27,Al Ahad,الاحد,1,Muḥarram,مُحَرَّم,29,1448,AH,Anno Hegirae,HJCoSA,8.8888888,7.7777777,Africa/Lagos,5,Egyptian General Authority of Survey,19.5,17.5,30.0444196,31.2357116,ANGLE_BASED,STANDARD,STANDARD,0,0,0,0,0,0,0,0,0,,,,,,,
05:16 (WAT),06:38 (WAT),12:52 (WAT),16:18 (WAT),19:06 (WAT),19:06 (WAT),20:20 (WAT),05:06 (WAT),00:52 (WAT),22:57 (WAT),02:48 (WAT),13 Jul 2026,1783929661,13-07-2026,DD-MM-YYYY,13,Monday,7,July,2026,AD,Anno Domini,false,28-01-1448,DD-MM-YYYY,28,Al Athnayn,الاثنين,1,Muḥarram,مُحَرَّم,29,1448,AH,Anno Hegirae,HJCoSA,8.8888888,7.7777777,Africa/Lagos,5,Egyptian General Authority of Survey,19.5,17.5,30.0444196,31.2357116,ANGLE_BASED,STANDARD,STANDARD,0,0,0,0,0,0,0,0,0,,,,,,,
05:17 (WAT),06:39 (WAT),12:53 (WAT),16:18 (WAT),19:06 (WAT),19:06 (WAT),20:19 (WAT),05:07 (WAT),00:53 (WAT),22:57 (WAT),02:48 (WAT),14 Jul 2026,1784016061,14-07-2026,DD-MM-YYYY,14,Tuesday,7,July,2026,AD,Anno Domini,false,29-01-1448,DD-MM-YYYY,29,Al Thalaata,الثلاثاء,1,Muḥarram,مُحَرَّم,29,1448,AH,Anno Hegirae,HJCoSA,8.8888888,7.7777777,Africa/Lagos,5,Egyptian General Authority of Survey,19.5,17.5,30.0444196,31.2357116,ANGLE_BASED,STANDARD,STANDARD,0,0,0,0,0,0,0,0,0,,,,,,,
05:17 (WAT),06:39 (WAT),12:53 (WAT),16:18 (WAT),19:06 (WAT),19:06 (WAT),20:19 (WAT),05:07 (WAT),00:53 (WAT),22:57 (WAT),02:48 (WAT),15 Jul 2026,1784102461,15-07-2026,DD-MM-YYYY,15,Wednesday,7,July,2026,AD,Anno Domini,false,01-02-1448,DD-MM-YYYY,1,Al Arba'a,الاربعاء,2,Ṣafar,صَفَر,30,1448,AH,Anno Hegirae,HJCoSA,8.8888888,7.7777777,Africa/Lagos,5,Egyptian General Authority of Survey,19.5,17.5,30.0444196,31.2357116,ANGLE_BASED,STANDARD,STANDARD,0,0,0,0,0,0,0,0,0,End of the holy months,,,,,,
05:17 (WAT),06:39 (WAT),12:53 (WAT),16:18 (WAT),19:06 (WAT),19:06 (WAT),20:19 (WAT),05:07 (WAT),00:53 (WAT),22:57 (WAT),02:48 (WAT),16 Jul 2026,1784188861,16-07-2026,DD-MM-YYYY,16,Thursday,7,July,2026,AD,Anno Domini,false,02-02-1448,DD-MM-YYYY,2,Al Khamees,الخميس,2,Ṣafar,صَفَر,30,1448,AH,Anno Hegirae,HJCoSA,8.8888888,7.7777777,Africa/Lagos,5,Egyptian General Authority of Survey,19.5,17.5,30.0444196,31.2357116,ANGLE_BASED,STANDARD,STANDARD,0,0,0,0,0,0,0,0,0,,,,,,,
05:17 (WAT),06:39 (WAT),12:53 (WAT),16:17 (WAT),19:06 (WAT),19:06 (WAT),20:19 (WAT),05:07 (WAT),00:53 (WAT),22:57 (WAT),02:48 (WAT),17 Jul 2026,1784275261,17-07-2026,DD-MM-YYYY,17,Friday,7,July,2026,AD,Anno Domini,false,03-02-1448,DD-MM-YYYY,3,Al Juma'a,الجمعة,2,Ṣafar,صَفَر,30,1448,AH,Anno Hegirae,HJCoSA,8.8888888,7.7777777,Africa/Lagos,5,Egyptian General Authority of Survey,19.5,17.5,30.0444196,31.2357116,ANGLE_BASED,STANDARD,STANDARD,0,0,0,0,0,0,0,0,0,,,,,,,
05:18 (WAT),06:39 (WAT),12:53 (WAT),16:17 (WAT),19:06 (WAT),19:06 (WAT),20:19 (WAT),05:08 (WAT),00:53 (WAT),22:57 (WAT),02:48 (WAT),18 Jul 2026,1784361661,18-07-2026,DD-MM-YYYY,18,Saturday,7,July,2026,AD,Anno Domini,false,04-02-1448,DD-MM-YYYY,4,Al Sabt,السبت,2,Ṣafar,صَفَر,30,1448,AH,Anno Hegirae,HJCoSA,8.8888888,7.7777777,Africa/Lagos,5,Egyptian General Authority of Survey,19.5,17.5,30.0444196,31.2357116,ANGLE_BASED,STANDARD,STANDARD,0,0,0,0,0,0,0,0,0,,,,,,,
05:18 (WAT),06:39 (WAT),12:53 (WAT),16:17 (WAT),19:06 (WAT),19:06 (WAT),20:19 (WAT),05:08 (WAT),00:53 (WAT),22:57 (WAT),02:48 (WAT),19 Jul 2026,1784448061,19-07-2026,DD-MM-YYYY,19,Sunday,7,July,2026,AD,Anno Domini,false,05-02-1448,DD-MM-YYYY,5,Al Ahad,الاحد,2,Ṣafar,صَفَر,30,1448,AH,Anno Hegirae,HJCoSA,8.8888888,7.7777777,Africa/Lagos,5,Egyptian General Authority of Survey,19.5,17.5,30.0444196,31.2357116,ANGLE_BASED,STANDARD,STANDARD,0,0,0,0,0,0,0,0,0,Urs of Shaykh Yaʿqub al-Charkhi (ق),,,,,,
05:18 (WAT),06:40 (WAT),12:53 (WAT),16:17 (WAT),19:06 (WAT),19:06 (WAT),20:19 (WAT),05:08 (WAT),00:53 (WAT),22:57 (WAT),02:49 (WAT),20 Jul 2026,1784534461,20-07-2026,DD-MM-YYYY,20,Monday,7,July,2026,AD,Anno Domini,false,06-02-1448,DD-MM-YYYY,6,Al Athnayn,الاثنين,2,Ṣafar,صَفَر,30,1448,AH,Anno Hegirae,HJCoSA,8.8888888,7.7777777,Africa/Lagos,5,Egyptian General Authority of Survey,19.5,17.5,30.0444196,31.2357116,ANGLE_BASED,STANDARD,STANDARD,0,0,0,0,0,0,0,0,0,,,,,,,
05:19 (WAT),06:40 (WAT),12:53 (WAT),16:17 (WAT),19:06 (WAT),19:06 (WAT),20:19 (WAT),05:09 (WAT),00:53 (WAT),22:57 (WAT),02:49 (WAT),21 Jul 2026,1784620861,21-07-2026,DD-MM-YYYY,21,Tuesday,7,July,2026,AD,Anno Domini,false,07-02-1448,DD-MM-YYYY,7,Al Thalaata,الثلاثاء,2,Ṣafar,صَفَر,30,1448,AH,Anno Hegirae,HJCoSA,8.8888888,7.7777777,Africa/Lagos,5,Egyptian General Authority of Survey,19.5,17.5,30.0444196,31.2357116,ANGLE_BASED,STANDARD,STANDARD,0,0,0,0,0,0,0,0,0,,,,,,,
05:19 (WAT),06:40 (WAT),12:53 (WAT),16:17 (WAT),19:06 (WAT),19:06 (WAT),20:18 (WAT),05:09 (WAT),00:53 (WAT),22:57 (WAT),02:49 (WAT),22 Jul 2026,1784707261,22-07-2026,DD-MM-YYYY,22,Wednesday,7,July,2026,AD,Anno Domini,false,08-02-1448,DD-MM-YYYY,8,Al Arba'a,الاربعاء,2,Ṣafar,صَفَر,30,1448,AH,Anno Hegirae,HJCoSA,8.8888888,7.7777777,Africa/Lagos,5,Egyptian General Authority of Survey,19.5,17.5,30.0444196,31.2357116,ANGLE_BASED,STANDARD,STANDARD,0,0,0,0,0,0,0,0,0,,,,,,,
05:19 (WAT),06:40 (WAT),12:53 (WAT),16:16 (WAT),19:06 (WAT),19:06 (WAT),20:18 (WAT),05:09 (WAT),00:53 (WAT),22:57 (WAT),02:49 (WAT),23 Jul 2026,1784793661,23-07-2026,DD-MM-YYYY,23,Thursday,7,July,2026,AD,Anno Domini,false,09-02-1448,DD-MM-YYYY,9,Al Khamees,الخميس,2,Ṣafar,صَفَر,30,1448,AH,Anno Hegirae,HJCoSA,8.8888888,7.7777777,Africa/Lagos,5,Egyptian General Authority of Survey,19.5,17.5,30.0444196,31.2357116,ANGLE_BASED,STANDARD,STANDARD,0,0,0,0,0,0,0,0,0,,,,,,,
05:19 (WAT),06:40 (WAT),12:53 (WAT),16:16 (WAT),19:06 (WAT),19:06 (WAT),20:18 (WAT),05:09 (WAT),00:53 (WAT),22:57 (WAT),02:49 (WAT),24 Jul 2026,1784880061,24-07-2026,DD-MM-YYYY,24,Friday,7,July,2026,AD,Anno Domini,false,10-02-1448,DD-MM-YYYY,10,Al Juma'a,الجمعة,2,Ṣafar,صَفَر,30,1448,AH,Anno Hegirae,HJCoSA,8.8888888,7.7777777,Africa/Lagos,5,Egyptian General Authority of Survey,19.5,17.5,30.0444196,31.2357116,ANGLE_BASED,STANDARD,STANDARD,0,0,0,0,0,0,0,0,0,,,,,,,
05:20 (WAT),06:40 (WAT),12:53 (WAT),16:16 (WAT),19:06 (WAT),19:06 (WAT),20:18 (WAT),05:10 (WAT),00:53 (WAT),22:57 (WAT),02:49 (WAT),25 Jul 2026,1784966461,25-07-2026,DD-MM-YYYY,25,Saturday,7,July,2026,AD,Anno Domini,false,11-02-1448,DD-MM-YYYY,11,Al Sabt,السبت,2,Ṣafar,صَفَر,30,1448,AH,Anno Hegirae,HJCoSA,8.8888888,7.7777777,Africa/Lagos,5,Egyptian General Authority of Survey,19.5,17.5,30.0444196,31.2357116,ANGLE_BASED,STANDARD,STANDARD,0,0,0,0,0,0,0,0,0,,,,,,,
05:20 (WAT),06:40 (WAT),12:53 (WAT),16:16 (WAT),19:06 (WAT),19:06 (WAT),20:18 (WAT),05:10 (WAT),00:53 (WAT),22:57 (WAT),02:49 (WAT),26 Jul 2026,1785052861,26-07-2026,DD-MM-YYYY,26,Sunday,7,July,2026,AD,Anno Domini,false,12-02-1448,DD-MM-YYYY,12,Al Ahad,الاحد,2,Ṣafar,صَفَر,30,1448,AH,Anno Hegirae,HJCoSA,8.8888888,7.7777777,Africa/Lagos,5,Egyptian General Authority of Survey,19.5,17.5,30.0444196,31.2357116,ANGLE_BASED,STANDARD,STANDARD,0,0,0,0,0,0,0,0,0,Urs of Shaykh Abdullah Dahlawi (ق),,,,,,
05:20 (WAT),06:41 (WAT),12:53 (WAT),16:15 (WAT),19:06 (WAT),19:06 (WAT),20:17 (WAT),05:10 (WAT),00:53 (WAT),22:57 (WAT),02:49 (WAT),27 Jul 2026,1785139261,27-07-2026,DD-MM-YYYY,27,Monday,7,July,2026,AD,Anno Domini,false,13-02-1448,DD-MM-YYYY,13,Al Athnayn,الاثنين,2,Ṣafar,صَفَر,30,1448,AH,Anno Hegirae,HJCoSA,8.8888888,7.7777777,Africa/Lagos,5,Egyptian General Authority of Survey,19.5,17.5,30.0444196,31.2357116,ANGLE_BASED,STANDARD,STANDARD,0,0,0,0,0,0,0,0,0,,,,,,,
05:20 (WAT),06:41 (WAT),12:53 (WAT),16:15 (WAT),19:06 (WAT),19:06 (WAT),20:17 (WAT),05:10 (WAT),00:53 (WAT),22:57 (WAT),02:49 (WAT),28 Jul 2026,1785225661,28-07-2026,DD-MM-YYYY,28,Tuesday,7,July,2026,AD,Anno Domini,false,14-02-1448,DD-MM-YYYY,14,Al Thalaata,الثلاثاء,2,Ṣafar,صَفَر,30,1448,AH,Anno Hegirae,HJCoSA,8.8888888,7.7777777,Africa/Lagos,5,Egyptian General Authority of Survey,19.5,17.5,30.0444196,31.2357116,ANGLE_BASED,STANDARD,STANDARD,0,0,0,0,0,0,0,0,0,,,,,,,
05:21 (WAT),06:41 (WAT),12:53 (WAT),16:15 (WAT),19:05 (WAT),19:05 (WAT),20:17 (WAT),05:11 (WAT),00:53 (WAT),22:57 (WAT),02:49 (WAT),29 Jul 2026,1785312061,29-07-2026,DD-MM-YYYY,29,Wednesday,7,July,2026,AD,Anno Domini,false,15-02-1448,DD-MM-YYYY,15,Al Arba'a,الاربعاء,2,Ṣafar,صَفَر,30,1448,AH,Anno Hegirae,HJCoSA,8.8888888,7.7777777,Africa/Lagos,5,Egyptian General Authority of Survey,19.5,17.5,30.0444196,31.2357116,ANGLE_BASED,STANDARD,STANDARD,0,0,0,0,0,0,0,0,0,,,,,,,
05:21 (WAT),06:41 (WAT),12:53 (WAT),16:14 (WAT),19:05 (WAT),19:05 (WAT),20:17 (WAT),05:11 (WAT),00:53 (WAT),22:57 (WAT),02:49 (WAT),30 Jul 2026,1785398461,30-07-2026,DD-MM-YYYY,30,Thursday,7,July,2026,AD,Anno Domini,false,16-02-1448,DD-MM-YYYY,16,Al Khamees,الخميس,2,Ṣafar,صَفَر,30,1448,AH,Anno Hegirae,HJCoSA,8.8888888,7.7777777,Africa/Lagos,5,Egyptian General Authority of Survey,19.5,17.5,30.0444196,31.2357116,ANGLE_BASED,STANDARD,STANDARD,0,0,0,0,0,0,0,0,0,,,,,,,
05:21 (WAT),06:41 (WAT),12:53 (WAT),16:14 (WAT),19:05 (WAT),19:05 (WAT),20:16 (WAT),05:11 (WAT),00:53 (WAT),22:57 (WAT),02:49 (WAT),31 Jul 2026,1785484861,31-07-2026,DD-MM-YYYY,31,Friday,7,July,2026,AD,Anno Domini,false,17-02-1448,DD-MM-YYYY,17,Al Juma'a,الجمعة,2,Ṣafar,صَفَر,30,1448,AH,Anno Hegirae,HJCoSA,8.8888888,7.7777777,Africa/Lagos,5,Egyptian General Authority of Survey,19.5,17.5,30.0444196,31.2357116,ANGLE_BASED,STANDARD,STANDARD,0,0,0,0,0,0,0,0,0,Urs of Imam Rabbani Ahmad al-Faruqi as-Sirhindi (ق),,,,,,
05:21 (WAT),06:41 (WAT),12:53 (WAT),16:14 (WAT),19:05 (WAT),19:05 (WAT),20:16 (WAT),05:11 (WAT),00:53 (WAT),22:57 (WAT),02:49 (WAT),01 Aug 2026,1785571261,01-08-2026,DD-MM-YYYY,01,Saturday,8,August,2026,AD,Anno Domini,false,18-02-1448,DD-MM-YYYY,18,Al Sabt,السبت,2,Ṣafar,صَفَر,30,1448,AH,Anno Hegirae,HJCoSA,8.8888888,7.7777777,Africa/Lagos,5,Egyptian General Authority of Survey,19.5,17.5,30.0444196,31.2357116,ANGLE_BASED,STANDARD,STANDARD,0,0,0,0,0,0,0,0,0,,,,,,,
05:21 (WAT),06:41 (WAT),12:53 (WAT),16:13 (WAT),19:05 (WAT),19:05 (WAT),20:16 (WAT),05:11 (WAT),00:53 (WAT),22:57 (WAT),02:49 (WAT),02 Aug 2026,1785657661,02-08-2026,DD-MM-YYYY,02,Sunday,8,August,2026,AD,Anno Domini,false,19-02-1448,DD-MM-YYYY,19,Al Ahad,الاحد,2,Ṣafar,صَفَر,30,1448,AH,Anno Hegirae,HJCoSA,8.8888888,7.7777777,Africa/Lagos,5,Egyptian General Authority of Survey,19.5,17.5,30.0444196,31.2357116,ANGLE_BASED,STANDARD,STANDARD,0,0,0,0,0,0,0,0,0,,,,,,,
05:22 (WAT),06:41 (WAT),12:53 (WAT),16:13 (WAT),19:04 (WAT),19:04 (WAT),20:15 (WAT),05:12 (WAT),00:53 (WAT),22:57 (WAT),02:49 (WAT),03 Aug 2026,1785744061,03-08-2026,DD-MM-YYYY,03,Monday,8,August,2026,AD,Anno Domini,false,20-02-1448,DD-MM-YYYY,20,Al Athnayn,الاثنين,2,Ṣafar,صَفَر,30,1448,AH,Anno Hegirae,HJCoSA,8.8888888,7.7777777,Africa/Lagos,5,Egyptian General Authority of Survey,19.5,17.5,30.0444196,31.2357116,ANGLE_BASED,STANDARD,STANDARD,0,0,0,0,0,0,0,0,0,,,,,,,
05:22 (WAT),06:41 (WAT),12:53 (WAT),16:12 (WAT),19:04 (WAT),19:04 (WAT),20:15 (WAT),05:12 (WAT),00:53 (WAT),22:57 (WAT),02:49 (WAT),04 Aug 2026,1785830461,04-08-2026,DD-MM-YYYY,04,Tuesday,8,August,2026,AD,Anno Domini,false,21-02-1448,DD-MM-YYYY,21,Al Thalaata,الثلاثاء,2,Ṣafar,صَفَر,30,1448,AH,Anno Hegirae,HJCoSA,8.8888888,7.7777777,Africa/Lagos,5,Egyptian General Authority of Survey,19.5,17.5,30.0444196,31.2357116,ANGLE_BASED,STANDARD,STANDARD,0,0,0,0,0,0,0,0,0,,,,,,,
05:22 (WAT),06:41 (WAT),12:53 (WAT),16:12 (WAT),19:04 (WAT),19:04 (WAT),20:15 (WAT),05:12 (WAT),00:53 (WAT),22:56 (WAT),02:49 (WAT),05 Aug 2026,1785916861,05-08-2026,DD-MM-YYYY,05,Wednesday,8,August,2026,AD,Anno Domini,false,22-02-1448,DD-MM-YYYY,22,Al Arba'a,الاربعاء,2,Ṣafar,صَفَر,30,1448,AH,Anno Hegirae,HJCoSA,8.8888888,7.7777777,Africa/Lagos,5,Egyptian General Authority of Survey,19.5,17.5,30.0444196,31.2357116,ANGLE_BASED,STANDARD,STANDARD,0,0,0,0,0,0,0,0,0,,,,,,,
05:22 (WAT),06:41 (WAT),12:53 (WAT),16:11 (WAT),19:04 (WAT),19:04 (WAT),20:14 (WAT),05:12 (WAT),00:53 (WAT),22:56 (WAT),02:49 (WAT),06 Aug 2026,1786003261,06-08-2026,DD-MM-YYYY,06,Thursday,8,August,2026,AD,Anno Domini,false,23-02-1448,DD-MM-YYYY,23,Al Khamees,الخميس,2,Ṣafar,صَفَر,30,1448,AH,Anno Hegirae,HJCoSA,8.8888888,7.7777777,Africa/Lagos,5,Egyptian General Authority of Survey,19.5,17.5,30.0444196,31.2357116,ANGLE_BASED,STANDARD,STANDARD,0,0,0,0,0,0,0,0,0,,,,,,,
05:22 (WAT),06:41 (WAT),12:52 (WAT),16:11 (WAT),19:03 (WAT),19:03 (WAT),20:14 (WAT),05:12 (WAT),00:52 (WAT),22:56 (WAT),02:49 (WAT),07 Aug 2026,1786089661,07-08-2026,DD-MM-YYYY,07,Friday,8,August,2026,AD,Anno Domini,false,24-02-1448,DD-MM-YYYY,24,Al Juma'a,الجمعة,2,Ṣafar,صَفَر,30,1448,AH,Anno Hegirae,HJCoSA,8.8888888,7.7777777,Africa/Lagos,5,Egyptian General Authority of Survey,19.5,17.5,30.0444196,31.2357116,ANGLE_BASED,STANDARD,STANDARD,0,0,0,0,0,0,0,0,0,,,,,,,
05:22 (WAT),06:41 (WAT),12:52 (WAT),16:10 (WAT),19:03 (WAT),19:03 (WAT),20:14 (WAT),05:12 (WAT),00:52 (WAT),22:56 (WAT),02:49 (WAT),08 Aug 2026,1786176061,08-08-2026,DD-MM-YYYY,08,Saturday,8,August,2026,AD,Anno Domini,false,25-02-1448,DD-MM-YYYY,25,Al Sabt,السبت,2,Ṣafar,صَفَر,30,1448,AH,Anno Hegirae,HJCoSA,8.8888888,7.7777777,Africa/Lagos,5,Egyptian General Authority of Survey,19.5,17.5,30.0444196,31.2357116,ANGLE_BASED,STANDARD,STANDARD,0,0,0,0,0,0,0,0,0,,,,,,,
05:23 (WAT),06:41 (WAT),12:52 (WAT),16:10 (WAT),19:03 (WAT),19:03 (WAT),20:13 (WAT),05:13 (WAT),00:52 (WAT),22:56 (WAT),02:49 (WAT),09 Aug 2026,1786262461,09-08-2026,DD-MM-YYYY,09,Sunday,8,August,2026,AD,Anno Domini,false,26-02-1448,DD-MM-YYYY,26,Al Ahad,الاحد,2,Ṣafar,صَفَر,30,1448,AH,Anno Hegirae,HJCoSA,8.8888888,7.7777777,Africa/Lagos,5,Egyptian General Authority of Survey,19.5,17.5,30.0444196,31.2357116,ANGLE_BASED,STANDARD,STANDARD,0,0,0,0,0,0,0,0,0,,,,,,,
05:23 (WAT),06:41 (WAT),12:52 (WAT),16:09 (WAT),19:03 (WAT),19:03 (WAT),20:13 (WAT),05:13 (WAT),00:52 (WAT),22:56 (WAT),02:48 (WAT),10 Aug 2026,1786348861,10-08-2026,DD-MM-YYYY,10,Monday,8,August,2026,AD,Anno Domini,false,27-02-1448,DD-MM-YYYY,27,Al Athnayn,الاثنين,2,Ṣafar,صَفَر,30,1448,AH,Anno Hegirae,HJCoSA,8.8888888,7.7777777,Africa/Lagos,5,Egyptian General Authority of Survey,19.5,17.5,30.0444196,31.2357116,ANGLE_BASED,STANDARD,STANDARD,0,0,0,0,0,0,0,0,0,,,,,,,
05:23 (WAT),06:41 (WAT),12:52 (WAT),16:08 (WAT),19:02 (WAT),19:02 (WAT),20:12 (WAT),05:13 (WAT),00:52 (WAT),22:55 (WAT),02:48 (WAT),11 Aug 2026,1786435261,11-08-2026,DD-MM-YYYY,11,Tuesday,8,August,2026,AD,Anno Domini,false,28-02-1448,DD-MM-YYYY,28,Al Thalaata,الثلاثاء,2,Ṣafar,صَفَر,30,1448,AH,Anno Hegirae,HJCoSA,8.8888888,7.7777777,Africa/Lagos,5,Egyptian General Authority of Survey,19.5,17.5,30.0444196,31.2357116,ANGLE_BASED,STANDARD,STANDARD,0,0,0,0,0,0,0,0,0,Martyrdom of Sayyidina al-Hassan al-Mujtaba (ر),,,,,,
05:23 (WAT),06:41 (WAT),12:52 (WAT),16:08 (WAT),19:02 (WAT),19:02 (WAT),20:12 (WAT),05:13 (WAT),00:52 (WAT),22:55 (WAT),02:48 (WAT),12 Aug 2026,1786521661,12-08-2026,DD-MM-YYYY,12,Wednesday,8,August,2026,AD,Anno Domini,false,29-02-1448,DD-MM-YYYY,29,Al Arba'a,الاربعاء,2,Ṣafar,صَفَر,30,1448,AH,Anno Hegirae,HJCoSA,8.8888888,7.7777777,Africa/Lagos,5,Egyptian General Authority of Survey,19.5,17.5,30.0444196,31.2357116,ANGLE_BASED,STANDARD,STANDARD,0,0,0,0,0,0,0,0,0,,,,,,,
05:23 (WAT),06:41 (WAT),12:51 (WAT),16:07 (WAT),19:02 (WAT),19:02 (WAT),20:11 (WAT),05:13 (WAT),00:51 (WAT),22:55 (WAT),02:48 (WAT),13 Aug 2026,1786608061,13-08-2026,DD-MM-YYYY,13,Thursday,8,August,2026,AD,Anno Domini,false,30-02-1448,DD-MM-YYYY,30,Al Khamees,الخميس,2,Ṣafar,صَفَر,30,1448,AH,Anno Hegirae,HJCoSA,8.8888888,7.7777777,Africa/Lagos,5,Egyptian General Authority of Survey,19.5,17.5,30.0444196,31.2357116,ANGLE_BASED,STANDARD,STANDARD,0,0,0,0,0,0,0,0,0,,,,,,,
05:23 (WAT),06:41 (WAT),12:51 (WAT),16:07 (WAT),19:01 (WAT),19:01 (WAT),20:11 (WAT),05:13 (WAT),00:51 (WAT),22:55 (WAT),02:48 (WAT),14 Aug 2026,1786694461,14-08-2026,DD-MM-YYYY,14,Friday,8,August,2026,AD,Anno Domini,false,01-03-1448,DD-MM-YYYY,1,Al Juma'a,الجمعة,3,Rabīʿ al-awwal,رَبيع الأوّل,29,1448,AH,Anno Hegirae,HJCoSA,8.8888888,7.7777777,Africa/Lagos,5,Egyptian General Authority of Survey,19.5,17.5,30.0444196,31.2357116,ANGLE_BASED,STANDARD,STANDARD,0,0,0,0,0,0,0,0,0,,,,,,,
05:23 (WAT),06:41 (WAT),12:51 (WAT),16:06 (WAT),19:01 (WAT),19:01 (WAT),20:10 (WAT),05:13 (WAT),00:51 (WAT),22:54 (WAT),02:48 (WAT),15 Aug 2026,1786780861,15-08-2026,DD-MM-YYYY,15,Saturday,8,August,2026,AD,Anno Domini,false,02-03-1448,DD-MM-YYYY,2,Al Sabt,السبت,3,Rabīʿ al-awwal,رَبيع الأوّل,29,1448,AH,Anno Hegirae,HJCoSA,8.8888888,7.7777777,Africa/Lagos,5,Egyptian General Authority of Survey,19.5,17.5,30.0444196,31.2357116,ANGLE_BASED,STANDARD,STANDARD,0,0,0,0,0,0,0,0,0,,,,,,,
05:23 (WAT),06:41 (WAT),12:51 (WAT),16:05 (WAT),19:01 (WAT),19:01 (WAT),20:10 (WAT),05:13 (WAT),00:51 (WAT),22:54 (WAT),02:48 (WAT),16 Aug 2026,1786867261,16-08-2026,DD-MM-YYYY,16,Sunday,8,August,2026,AD,Anno Domini,false,03-03-1448,DD-MM-YYYY,3,Al Ahad,الاحد,3,Rabīʿ al-awwal,رَبيع الأوّل,29,1448,AH,Anno Hegirae,HJCoSA,8.8888888,7.7777777,Africa/Lagos,5,Egyptian General Authority of Survey,19.5,17.5,30.0444196,31.2357116,ANGLE_BASED,STANDARD,STANDARD,0,0,0,0,0,0,0,0,0,Urs of Shaykh Bahaʾuddin Shah Naqshband ق,,,,,,
05:23 (WAT),06:41 (WAT),12:51 (WAT),16:04 (WAT),19:00 (WAT),19:00 (WAT),20:10 (WAT),05:13 (WAT),00:51 (WAT),22:54 (WAT),02:47 (WAT),17 Aug 2026,1786953661,17-08-2026,DD-MM-YYYY,17,Monday,8,August,2026,AD,Anno Domini,false,04-03-1448,DD-MM-YYYY,4,Al Athnayn,الاثنين,3,Rabīʿ al-awwal,رَبيع الأوّل,29,1448,AH,Anno Hegirae,HJCoSA,8.8888888,7.7777777,Africa/Lagos,5,Egyptian General Authority of Survey,19.5,17.5,30.0444196,31.2357116,ANGLE_BASED,STANDARD,STANDARD,0,0,0,0,0,0,0,0,0,,,,,,,
05:23 (WAT),06:41 (WAT),12:50 (WAT),16:04 (WAT),19:00 (WAT),19:00 (WAT),20:09 (WAT),05:13 (WAT),00:50 (WAT),22:54 (WAT),02:47 (WAT),18 Aug 2026,1787040061,18-08-2026,DD-MM-YYYY,18,Tuesday,8,August,2026,AD,Anno Domini,false,05-03-1448,DD-MM-YYYY,5,Al Thalaata,الثلاثاء,3,Rabīʿ al-awwal,رَبيع الأوّل,29,1448,AH,Anno Hegirae,HJCoSA,8.8888888,7.7777777,Africa/Lagos,5,Egyptian General Authority of Survey,19.5,17.5,30.0444196,31.2357116,ANGLE_BASED,STANDARD,STANDARD,0,0,0,0,0,0,0,0,0,,,,,,,
05:23 (WAT),06:41 (WAT),12:50 (WAT),16:03 (WAT),18:59 (WAT),18:59 (WAT),20:09 (WAT),05:13 (WAT),00:50 (WAT),22:53 (WAT),02:47 (WAT),19 Aug 2026,1787126461,19-08-2026,DD-MM-YYYY,19,Wednesday,8,August,2026,AD,Anno Domini,false,06-03-1448,DD-MM-YYYY,6,Al Arba'a,الاربعاء,3,Rabīʿ al-awwal,رَبيع الأوّل,29,1448,AH,Anno Hegirae,HJCoSA,8.8888888,7.7777777,Africa/Lagos,5,Egyptian General Authority of Survey,19.5,17.5,30.0444196,31.2357116,ANGLE_BASED,STANDARD,STANDARD,0,0,0,0,0,0,0,0,0,Birth of Mawlāna Jalāluddīn Rūmi ق,,,,,,
05:23 (WAT),06:41 (WAT),12:50 (WAT),16:02 (WAT),18:59 (WAT),18:59 (WAT),20:08 (WAT),05:13 (WAT),00:50 (WAT),22:53 (WAT),02:47 (WAT),20 Aug 2026,1787212861,20-08-2026,DD-MM-YYYY,20,Thursday,8,August,2026,AD,Anno Domini,false,07-03-1448,DD-MM-YYYY,7,Al Khamees,الخميس,3,Rabīʿ al-awwal,رَبيع الأوّل,29,1448,AH,Anno Hegirae,HJCoSA,8.8888888,7.7777777,Africa/Lagos,5,Egyptian General Authority of Survey,19.5,17.5,30.0444196,31.2357116,ANGLE_BASED,STANDARD,STANDARD,0,0,0,0,0,0,0,0,0,,,,,,,
05:24 (WAT),06:41 (WAT),12:50 (WAT),16:01 (WAT),18:59 (WAT),18:59 (WAT),20:08 (WAT),05:14 (WAT),00:50 (WAT),22:53 (WAT),02:47 (WAT),21 Aug 2026,1787299261,21-08-2026,DD-MM-YYYY,21,Friday,8,August,2026,AD,Anno Domini,false,08-03-1448,DD-MM-YYYY,8,Al Juma'a,الجمعة,3,Rabīʿ al-awwal,رَبيع الأوّل,29,1448,AH,Anno Hegirae,HJCoSA,8.8888888,7.7777777,Africa/Lagos,5,Egyptian General Authority of Survey,19.5,17.5,30.0444196,31.2357116,ANGLE_BASED,STANDARD,STANDARD,0,0,0,0,0,0,0,0,0,,,,,,,
05:24 (WAT),06:41 (WAT),12:50 (WAT),16:00 (WAT),18:58 (WAT),18:58 (WAT),20:07 (WAT),05:14 (WAT),00:49 (WAT),22:52 (WAT),02:47 (WAT),22 Aug 2026,1787385661,22-08-2026,DD-MM-YYYY,22,Saturday,8,August,2026,AD,Anno Domini,false,09-03-1448,DD-MM-YYYY,9,Al Sabt,السبت,3,Rabīʿ al-awwal,رَبيع الأوّل,29,1448,AH,Anno Hegirae,HJCoSA,8.8888888,7.7777777,Africa/Lagos,5,Egyptian General Authority of Survey,19.5,17.5,30.0444196,31.2357116,ANGLE_BASED,STANDARD,STANDARD,0,0,0,0,0,0,0,0,0,Urs of Shaykh Muhammad al-Masūm ق,,,,,,
05:24 (WAT),06:41 (WAT),12:49 (WAT),16:00 (WAT),18:58 (WAT),18:58 (WAT),20:07 (WAT),05:14 (WAT),00:49 (WAT),22:52 (WAT),02:46 (WAT),23 Aug 2026,1787472061,23-08-2026,DD-MM-YYYY,23,Sunday,8,August,2026,AD,Anno Domini,false,10-03-1448,DD-MM-YYYY,10,Al Ahad,الاحد,3,Rabīʿ al-awwal,رَبيع الأوّل,29,1448,AH,Anno Hegirae,HJCoSA,8.8888888,7.7777777,Africa/Lagos,5,Egyptian General Authority of Survey,19.5,17.5,30.0444196,31.2357116,ANGLE_BASED,STANDARD,STANDARD,0,0,0,0,0,0,0,0,0,,,,,,,
05:24 (WAT),06:41 (WAT),12:49 (WAT),15:59 (WAT),18:57 (WAT),18:57 (WAT),20:06 (WAT),05:14 (WAT),00:49 (WAT),22:52 (WAT),02:46 (WAT),24 Aug 2026,1787558461,24-08-2026,DD-MM-YYYY,24,Monday,8,August,2026,AD,Anno Domini,false,11-03-1448,DD-MM-YYYY,11,Al Athnayn,الاثنين,3,Rabīʿ al-awwal,رَبيع الأوّل,29,1448,AH,Anno Hegirae,HJCoSA,8.8888888,7.7777777,Africa/Lagos,5,Egyptian General Authority of Survey,19.5,17.5,30.0444196,31.2357116,ANGLE_BASED,STANDARD,STANDARD,0,0,0,0,0,0,0,0,0,,,,,,,
05:24 (WAT),06:40 (WAT),12:49 (WAT),15:58 (WAT),18:57 (WAT),18:57 (WAT),20:05 (WAT),05:14 (WAT),00:49 (WAT),22:51 (WAT),02:46 (WAT),25 Aug 2026,1787644861,25-08-2026,DD-MM-YYYY,25,Tuesday,8,August,2026,AD,Anno Domini,false,12-03-1448,DD-MM-YYYY,12,Al Thalaata,الثلاثاء,3,Rabīʿ al-awwal,رَبيع الأوّل,29,1448,AH,Anno Hegirae,HJCoSA,8.8888888,7.7777777,Africa/Lagos,5,Egyptian General Authority of Survey,19.5,17.5,30.0444196,31.2357116,ANGLE_BASED,STANDARD,STANDARD,0,0,0,0,0,0,0,0,0,Mawlid (Birth) al-Nabi ﷺ,Veiling of the Prophet Muhammad ﷺ,Birth of Mawlana Shaykh Abdullāh al Dāghestāni ق,Urs of Shaykh Abu Yāqub Yūsuf al-Hamadāni ق,Urs of Shaykh Abdul Khāliq al-Ghujdawāni ق,Urs of Mawlāna Ubaydullaāh Ahrār ق,Urs of Shaykh Muhammad az-Zāhid ق
05:24 (WAT),06:40 (WAT),12:48 (WAT),15:57 (WAT),18:56 (WAT),18:56 (WAT),20:05 (WAT),05:14 (WAT),00:48 (WAT),22:51 (WAT),02:46 (WAT),26 Aug 2026,1787731261,26-08-2026,DD-MM-YYYY,26,Wednesday,8,August,2026,AD,Anno Domini,false,13-03-1448,DD-MM-YYYY,13,Al Arba'a,الاربعاء,3,Rabīʿ al-awwal,رَبيع الأوّل,29,1448,AH,Anno Hegirae,HJCoSA,8.8888888,7.7777777,Africa/Lagos,5,Egyptian General Authority of Survey,19.5,17.5,30.0444196,31.2357116,ANGLE_BASED,STANDARD,STANDARD,0,0,0,0,0,0,0,0,0,,,,,,,
05:24 (WAT),06:40 (WAT),12:48 (WAT),15:56 (WAT),18:56 (WAT),18:56 (WAT),20:04 (WAT),05:14 (WAT),00:48 (WAT),22:51 (WAT),02:45 (WAT),27 Aug 2026,1787817661,27-08-2026,DD-MM-YYYY,27,Thursday,8,August,2026,AD,Anno Domini,false,14-03-1448,DD-MM-YYYY,14,Al Khamees,الخميس,3,Rabīʿ al-awwal,رَبيع الأوّل,29,1448,AH,Anno Hegirae,HJCoSA,8.8888888,7.7777777,Africa/Lagos,5,Egyptian General Authority of Survey,19.5,17.5,30.0444196,31.2357116,ANGLE_BASED,STANDARD,STANDARD,0,0,0,0,0,0,0,0,0,,,,,,,
05:24 (WAT),06:40 (WAT),12:48 (WAT),15:55 (WAT),18:56 (WAT),18:56 (WAT),20:04 (WAT),05:14 (WAT),00:48 (WAT),22:50 (WAT),02:45 (WAT),28 Aug 2026,1787904061,28-08-2026,DD-MM-YYYY,28,Friday,8,August,2026,AD,Anno Domini,false,15-03-1448,DD-MM-YYYY,15,Al Juma'a,الجمعة,3,Rabīʿ al-awwal,رَبيع الأوّل,29,1448,AH,Anno Hegirae,HJCoSA,8.8888888,7.7777777,Africa/Lagos,5,Egyptian General Authority of Survey,19.5,17.5,30.0444196,31.2357116,ANGLE_BASED,STANDARD,STANDARD,0,0,0,0,0,0,0,0,0,,,,,,,
05:23 (WAT),06:40 (WAT),12:48 (WAT),15:54 (WAT),18:55 (WAT),18:55 (WAT),20:03 (WAT),05:13 (WAT),00:48 (WAT),22:50 (WAT),02:45 (WAT),29 Aug 2026,1787990461,29-08-2026,DD-MM-YYYY,29,Saturday,8,August,2026,AD,Anno Domini,false,16-03-1448,DD-MM-YYYY,16,Al Sabt,السبت,3,Rabīʿ al-awwal,رَبيع الأوّل,29,1448,AH,Anno Hegirae,HJCoSA,8.8888888,7.7777777,Africa/Lagos,5,Egyptian General Authority of Survey,19.5,17.5,30.0444196,31.2357116,ANGLE_BASED,STANDARD,STANDARD,0,0,0,0,0,0,0,0,0,,,,,,,
05:23 (WAT),06:40 (WAT),12:47 (WAT),15:53 (WAT),18:55 (WAT),18:55 (WAT),20:03 (WAT),05:13 (WAT),00:47 (WAT),22:50 (WAT),02:45 (WAT),30 Aug 2026,1788076861,30-08-2026,DD-MM-YYYY,30,Sunday,8,August,2026,AD,Anno Domini,false,17-03-1448,DD-MM-YYYY,17,Al Ahad,الاحد,3,Rabīʿ al-awwal,رَبيع الأوّل,29,1448,AH,Anno Hegirae,HJCoSA,8.8888888,7.7777777,Africa/Lagos,5,Egyptian General Authority of Survey,19.5,17.5,30.0444196,31.2357116,ANGLE_BASED,STANDARD,STANDARD,0,0,0,0,0,0,0,0,0,Urs of Shaykh Mahmūd al-Anjir al-Faghnāwi ق,Urs of Shaykh Abu Ahmad as-Sughūri ق,,,,,
05:23 (WAT),06:40 (WAT),12:47 (WAT),15:52 (WAT),18:54 (WAT),18:54 (WAT),20:02 (WAT),05:13 (WAT),00:47 (WAT),22:49 (WAT),02:44 (WAT),31 Aug 2026,1788163261,31-08-2026,DD-MM-YYYY,31,Monday,8,August,2026,AD,Anno Domini,false,18-03-1448,DD-MM-YYYY,18,Al Athnayn,الاثنين,3,Rabīʿ al-awwal,رَبيع الأوّل,29,1448,AH,Anno Hegirae,HJCoSA,8.8888888,7.7777777,Africa/Lagos,5,Egyptian General Authority of Survey,19.5,17.5,30.0444196,31.2357116,ANGLE_BASED,STANDARD,STANDARD,0,0,0,0,0,0,0,0,0,Urs of Shaykh Adnān Kabbāni ق,,,,,,
05:23 (WAT),06:40 (WAT),12:47 (WAT),15:51 (WAT),18:54 (WAT),18:54 (WAT),20:02 (WAT),05:13 (WAT),00:47 (WAT),22:49 (WAT),02:44 (WAT),01 Sep 2026,1788249661,01-09-2026,DD-MM-YYYY,01,Tuesday,9,September,2026,AD,Anno Domini,false,19-03-1448,DD-MM-YYYY,19,Al Thalaata,الثلاثاء,3,Rabīʿ al-awwal,رَبيع الأوّل,29,1448,AH,Anno Hegirae,HJCoSA,8.8888888,7.7777777,Africa/Lagos,5,Egyptian General Authority of Survey,19.5,17.5,30.0444196,31.2357116,ANGLE_BASED,STANDARD,STANDARD,0,0,0,0,0,0,0,0,0,,,,,,,
05:23 (WAT),06:39 (WAT),12:46 (WAT),15:50 (WAT),18:53 (WAT),18:53 (WAT),20:01 (WAT),05:13 (WAT),00:46 (WAT),22:49 (WAT),02:44 (WAT),02 Sep 2026,1788336061,02-09-2026,DD-MM-YYYY,02,Wednesday,9,September,2026,AD,Anno Domini,false,20-03-1448,DD-MM-YYYY,20,Al Arba'a,الاربعاء,3,Rabīʿ al-awwal,رَبيع الأوّل,29,1448,AH,Anno Hegirae,HJCoSA,8.8888888,7.7777777,Africa/Lagos,5,Egyptian General Authority of Survey,19.5,17.5,30.0444196,31.2357116,ANGLE_BASED,STANDARD,STANDARD,0,0,0,0,0,0,0,0,0,,,,,,,
05:23 (WAT),06:39 (WAT),12:46 (WAT),15:49 (WAT),18:53 (WAT),18:53 (WAT),20:00 (WAT),05:13 (WAT),00:46 (WAT),22:48 (WAT),02:44 (WAT),03 Sep 2026,1788422461,03-09-2026,DD-MM-YYYY,03,Thursday,9,September,2026,AD,Anno Domini,false,21-03-1448,DD-MM-YYYY,21,Al Khamees,الخميس,3,Rabīʿ al-awwal,رَبيع الأوّل,29,1448,AH,Anno Hegirae,HJCoSA,8.8888888,7.7777777,Africa/Lagos,5,Egyptian General Authority of Survey,19.5,17.5,30.0444196,31.2357116,ANGLE_BASED,STANDARD,STANDARD,0,0,0,0,0,0,0,0,0,,,,,,,
05:23 (WAT),06:39 (WAT),12:46 (WAT),15:48 (WAT),18:52 (WAT),18:52 (WAT),20:00 (WAT),05:13 (WAT),00:46 (WAT),22:48 (WAT),02:43 (WAT),04 Sep 2026,1788508861,04-09-2026,DD-MM-YYYY,04,Friday,9,September,2026,AD,Anno Domini,false,22-03-1448,DD-MM-YYYY,22,Al Juma'a,الجمعة,3,Rabīʿ al-awwal,رَبيع الأوّل,29,1448,AH,Anno Hegirae,HJCoSA,8.8888888,7.7777777,Africa/Lagos,5,Egyptian General Authority of Survey,19.5,17.5,30.0444196,31.2357116,ANGLE_BASED,STANDARD,STANDARD,0,0,0,0,0,0,0,0,0,,,,,,,
05:23 (WAT),06:39 (WAT),12:45 (WAT),15:47 (WAT),18:52 (WAT),18:52 (WAT),19:59 (WAT),05:13 (WAT),00:45 (WAT),22:47 (WAT),02:43 (WAT),05 Sep 2026,1788595261,05-09-2026,DD-MM-YYYY,05,Saturday,9,September,2026,AD,Anno Domini,false,23-03-1448,DD-MM-YYYY,23,Al Sabt,السبت,3,Rabīʿ al-awwal,رَبيع الأوّل,29,1448,AH,Anno Hegirae,HJCoSA,8.8888888,7.7777777,Africa/Lagos,5,Egyptian General Authority of Survey,19.5,17.5,30.0444196,31.2357116,ANGLE_BASED,STANDARD,STANDARD,0,0,0,0,0,0,0,0,0,,,,,,,
05:23 (WAT),06:39 (WAT),12:45 (WAT),15:47 (WAT),18:51 (WAT),18:51 (WAT),19:59 (WAT),05:13 (WAT),00:45 (WAT),22:47 (WAT),02:43 (WAT),06 Sep 2026,1788681661,06-09-2026,DD-MM-YYYY,06,Sunday,9,September,2026,AD,Anno Domini,false,24-03-1448,DD-MM-YYYY,24,Al Ahad,الاحد,3,Rabīʿ al-awwal,رَبيع الأوّل,29,1448,AH,Anno Hegirae,HJCoSA,8.8888888,7.7777777,Africa/Lagos,5,Egyptian General Authority of Survey,19.5,17.5,30.0444196,31.2357116,ANGLE_BASED,STANDARD,STANDARD,0,0,0,0,0,0,0,0,0,,,,,,,
05:23 (WAT),06:39 (WAT),12:45 (WAT),15:47 (WAT),18:51 (WAT),18:51 (WAT),19:58 (WAT),05:13 (WAT),00:45 (WAT),22:47 (WAT),02:43 (WAT),07 Sep 2026,1788768061,07-09-2026,DD-MM-YYYY,07,Monday,9,September,2026,AD,Anno Domini,false,25-03-1448,DD-MM-YYYY,25,Al Athnayn,الاثنين,3,Rabīʿ al-awwal,رَبيع الأوّل,29,1448,AH,Anno Hegirae,HJCoSA,8.8888888,7.7777777,Africa/Lagos,5,Egyptian General Authority of Survey,19.5,17.5,30.0444196,31.2357116,ANGLE_BASED,STANDARD,STANDARD,0,0,0,0,0,0,0,0,0,,,,,,,
05:23 (WAT),06:38 (WAT),12:44 (WAT),15:48 (WAT),18:50 (WAT),18:50 (WAT),19:58 (WAT),05:13 (WAT),00:44 (WAT),22:46 (WAT),02:42 (WAT),08 Sep 2026,1788854461,08-09-2026,DD-MM-YYYY,08,Tuesday,9,September,2026,AD,Anno Domini,false,26-03-1448,DD-MM-YYYY,26,Al Thalaata,الثلاثاء,3,Rabīʿ al-awwal,رَبيع الأوّل,29,1448,AH,Anno Hegirae,HJCoSA,8.8888888,7.7777777,Africa/Lagos,5,Egyptian General Authority of Survey,19.5,17.5,30.0444196,31.2357116,ANGLE_BASED,STANDARD,STANDARD,0,0,0,0,0,0,0,0,0,,,,,,,
05:23 (WAT),06:38 (WAT),12:44 (WAT),15:48 (WAT),18:50 (WAT),18:50 (WAT),19:57 (WAT),05:13 (WAT),00:44 (WAT),22:46 (WAT),02:42 (WAT),09 Sep 2026,1788940861,09-09-2026,DD-MM-YYYY,09,Wednesday,9,September,2026,AD,Anno Domini,false,27-03-1448,DD-MM-YYYY,27,Al Arba'a,الاربعاء,3,Rabīʿ al-awwal,رَبيع الأوّل,29,1448,AH,Anno Hegirae,HJCoSA,8.8888888,7.7777777,Africa/Lagos,5,Egyptian General Authority of Survey,19.5,17.5,30.0444196,31.2357116,ANGLE_BASED,STANDARD,STANDARD,0,0,0,0,0,0,0,0,0,,,,,,,
05:22 (WAT),06:38 (WAT),12:44 (WAT),15:48 (WAT),18:49 (WAT),18:49 (WAT),19:56 (WAT),05:12 (WAT),00:44 (WAT),22:45 (WAT),02:42 (WAT),10 Sep 2026,1789027261,10-09-2026,DD-MM-YYYY,10,Thursday,9,September,2026,AD,Anno Domini,false,28-03-1448,DD-MM-YYYY,28,Al Khamees,الخميس,3,Rabīʿ al-awwal,رَبيع الأوّل,29,1448,AH,Anno Hegirae,HJCoSA,8.8888888,7.7777777,Africa/Lagos,5,Egyptian General Authority of Survey,19.5,17.5,30.0444196,31.2357116,ANGLE_BASED,STANDARD,STANDARD,0,0,0,0,0,0,0,0,0,,,,,,,
05:22 (WAT),06:38 (WAT),12:43 (WAT),15:49 (WAT),18:48 (WAT),18:48 (WAT),19:56 (WAT),05:12 (WAT),00:43 (WAT),22:45 (WAT),02:41 (WAT),11 Sep 2026,1789113661,11-09-2026,DD-MM-YYYY,11,Friday,9,September,2026,AD,Anno Domini,false,29-03-1448,DD-MM-YYYY,29,Al Juma'a,الجمعة,3,Rabīʿ al-awwal,رَبيع الأوّل,29,1448,AH,Anno Hegirae,HJCoSA,8.8888888,7.7777777,Africa/Lagos,5,Egyptian General Authority of Survey,19.5,17.5,30.0444196,31.2357116,ANGLE_BASED,STANDARD,STANDARD,0,0,0,0,0,0,0,0,0,,,,,,,
05:22 (WAT),06:38 (WAT),12:43 (WAT),15:49 (WAT),18:48 (WAT),18:48 (WAT),19:55 (WAT),05:12 (WAT),00:43 (WAT),22:45 (WAT),02:41 (WAT),12 Sep 2026,1789200061,12-09-2026,DD-MM-YYYY,12,Saturday,9,September,2026,AD,Anno Domini,false,01-04-1448,DD-MM-YYYY,1,Al Sabt,السبت,4,Rabīʿ al-thānī,رَبيع الثاني,30,1448,AH,Anno Hegirae,HJCoSA,8.8888888,7.7777777,Africa/Lagos,5,Egyptian General Authority of Survey,19.5,17.5,30.0444196,31.2357116,ANGLE_BASED,STANDARD,STANDARD,0,0,0,0,0,0,0,0,0,,,,,,,
05:22 (WAT),06:38 (WAT),12:43 (WAT),15:49 (WAT),18:47 (WAT),18:47 (WAT),19:55 (WAT),05:12 (WAT),00:42 (WAT),22:44 (WAT),02:41 (WAT),13 Sep 2026,1789286461,13-09-2026,DD-MM-YYYY,13,Sunday,9,September,2026,AD,Anno Domini,false,02-04-1448,DD-MM-YYYY,2,Al Ahad,الاحد,4,Rabīʿ al-thānī,رَبيع الثاني,30,1448,AH,Anno Hegirae,HJCoSA,8.8888888,7.7777777,Africa/Lagos,5,Egyptian General Authority of Survey,19.5,17.5,30.0444196,31.2357116,ANGLE_BASED,STANDARD,STANDARD,0,0,0,0,0,0,0,0,0,,,,,,,
05:22 (WAT),06:37 (WAT),12:42 (WAT),15:49 (WAT),18:47 (WAT),18:47 (WAT),19:54 (WAT),05:12 (WAT),00:42 (WAT),22:44 (WAT),02:41 (WAT),14 Sep 2026,1789372861,14-09-2026,DD-MM-YYYY,14,Monday,9,September,2026,AD,Anno Domini,false,03-04-1448,DD-MM-YYYY,3,Al Athnayn,الاثنين,4,Rabīʿ al-thānī,رَبيع الثاني,30,1448,AH,Anno Hegirae,HJCoSA,8.8888888,7.7777777,Africa/Lagos,5,Egyptian General Authority of Survey,19.5,17.5,30.0444196,31.2357116,ANGLE_BASED,STANDARD,STANDARD,0,0,0,0,0,0,0,0,0,,,,,,,
05:22 (WAT),06:37 (WAT),12:42 (WAT),15:49 (WAT),18:46 (WAT),18:46 (WAT),19:54 (WAT),05:12 (WAT),00:42 (WAT),22:43 (WAT),02:40 (WAT),15 Sep 2026,1789459261,15-09-2026,DD-MM-YYYY,15,Tuesday,9,September,2026,AD,Anno Domini,false,04-04-1448,DD-MM-YYYY,4,Al Thalaata,الثلاثاء,4,Rabīʿ al-thānī,رَبيع الثاني,30,1448,AH,Anno Hegirae,HJCoSA,8.8888888,7.7777777,Africa/Lagos,5,Egyptian General Authority of Survey,19.5,17.5,30.0444196,31.2357116,ANGLE_BASED,STANDARD,STANDARD,0,0,0,0,0,0,0,0,0,,,,,,,
05:22 (WAT),06:37 (WAT),12:41 (WAT),15:50 (WAT),18:46 (WAT),18:46 (WAT),19:53 (WAT),05:12 (WAT),00:41 (WAT),22:43 (WAT),02:40 (WAT),16 Sep 2026,1789545661,16-09-2026,DD-MM-YYYY,16,Wednesday,9,September,2026,AD,Anno Domini,false,05-04-1448,DD-MM-YYYY,5,Al Arba'a,الاربعاء,4,Rabīʿ al-thānī,رَبيع الثاني,30,1448,AH,Anno Hegirae,HJCoSA,8.8888888,7.7777777,Africa/Lagos,5,Egyptian General Authority of Survey,19.5,17.5,30.0444196,31.2357116,ANGLE_BASED,STANDARD,STANDARD,0,0,0,0,0,0,0,0,0,,,,,,,
05:22 (WAT),06:37 (WAT),12:41 (WAT),15:50 (WAT),18:45 (WAT),18:45 (WAT),19:52 (WAT),05:12 (WAT),00:41 (WAT),22:42 (WAT),02:40 (WAT),17 Sep 2026,1789632061,17-09-2026,DD-MM-YYYY,17,Thursday,9,September,2026,AD,Anno Domini,false,06-04-1448,DD-MM-YYYY,6,Al Khamees,الخميس,4,Rabīʿ al-thānī,رَبيع الثاني,30,1448,AH,Anno Hegirae,HJCoSA,8.8888888,7.7777777,Africa/Lagos,5,Egyptian General Authority of Survey,19.5,17.5,30.0444196,31.2357116,ANGLE_BASED,STANDARD,STANDARD,0,0,0,0,0,0,0,0,0,,,,,,,
05:21 (WAT),06:37 (WAT),12:41 (WAT),15:50 (WAT),18:45 (WAT),18:45 (WAT),19:52 (WAT),05:11 (WAT),00:41 (WAT),22:42 (WAT),02:39 (WAT),18 Sep 2026,1789718461,18-09-2026,DD-MM-YYYY,18,Friday,9,September,2026,AD,Anno Domini,false,07-04-1448,DD-MM-YYYY,7,Al Juma'a,الجمعة,4,Rabīʿ al-thānī,رَبيع الثاني,30,1448,AH,Anno Hegirae,HJCoSA,8.8888888,7.7777777,Africa/Lagos,5,Egyptian General Authority of Survey,19.5,17.5,30.0444196,31.2357116,ANGLE_BASED,STANDARD,STANDARD,0,0,0,0,0,0,0,0,0,,,,,,,
05:21 (WAT),06:36 (WAT),12:40 (WAT),15:50 (WAT),18:44 (WAT),18:44 (WAT),19:51 (WAT),05:11 (WAT),00:40 (WAT),22:42 (WAT),02:39 (WAT),19 Sep 2026,1789804861,19-09-2026,DD-MM-YYYY,19,Saturday,9,September,2026,AD,Anno Domini,false,08-04-1448,DD-MM-YYYY,8,Al Sabt,السبت,4,Rabīʿ al-thānī,رَبيع الثاني,30,1448,AH,Anno Hegirae,HJCoSA,8.8888888,7.7777777,Africa/Lagos,5,Egyptian General Authority of Survey,19.5,17.5,30.0444196,31.2357116,ANGLE_BASED,STANDARD,STANDARD,0,0,0,0,0,0,0,0,0,,,,,,,
05:21 (WAT),06:36 (WAT),12:40 (WAT),15:50 (WAT),18:44 (WAT),18:44 (WAT),19:51 (WAT),05:11 (WAT),00:40 (WAT),22:41 (WAT),02:39 (WAT),20 Sep 2026,1789891261,20-09-2026,DD-MM-YYYY,20,Sunday,9,September,2026,AD,Anno Domini,false,09-04-1448,DD-MM-YYYY,9,Al Ahad,الاحد,4,Rabīʿ al-thānī,رَبيع الثاني,30,1448,AH,Anno Hegirae,HJCoSA,8.8888888,7.7777777,Africa/Lagos,5,Egyptian General Authority of Survey,19.5,17.5,30.0444196,31.2357116,ANGLE_BASED,STANDARD,STANDARD,0,0,0,0,0,0,0,0,0,,,,,,,
05:21 (WAT),06:36 (WAT),12:40 (WAT),15:50 (WAT),18:43 (WAT),18:43 (WAT),19:50 (WAT),05:11 (WAT),00:40 (WAT),22:41 (WAT),02:38 (WAT),21 Sep 2026,1789977661,21-09-2026,DD-MM-YYYY,21,Monday,9,September,2026,AD,Anno Domini,false,10-04-1448,DD-MM-YYYY,10,Al Athnayn,الاثنين,4,Rabīʿ al-thānī,رَبيع الثاني,30,1448,AH,Anno Hegirae,HJCoSA,8.8888888,7.7777777,Africa/Lagos,5,Egyptian General Authority of Survey,19.5,17.5,30.0444196,31.2357116,ANGLE_BASED,STANDARD,STANDARD,0,0,0,0,0,0,0,0,0,,,,,,,
05:21 (WAT),06:36 (WAT),12:39 (WAT),15:51 (WAT),18:43 (WAT),18:43 (WAT),19:50 (WAT),05:11 (WAT),00:39 (WAT),22:40 (WAT),02:38 (WAT),22 Sep 2026,1790064061,22-09-2026,DD-MM-YYYY,22,Tuesday,9,September,2026,AD,Anno Domini,false,11-04-1448,DD-MM-YYYY,11,Al Thalaata,الثلاثاء,4,Rabīʿ al-thānī,رَبيع الثاني,30,1448,AH,Anno Hegirae,HJCoSA,8.8888888,7.7777777,Africa/Lagos,5,Egyptian General Authority of Survey,19.5,17.5,30.0444196,31.2357116,ANGLE_BASED,STANDARD,STANDARD,0,0,0,0,0,0,0,0,0,Urs of Shaykh Abdul Qadir Jilāni ق,,,,,,
05:21 (WAT),06:36 (WAT),12:39 (WAT),15:51 (WAT),18:42 (WAT),18:42 (WAT),19:49 (WAT),05:11 (WAT),00:39 (WAT),22:40 (WAT),02:38 (WAT),23 Sep 2026,1790150461,23-09-2026,DD-MM-YYYY,23,Wednesday,9,September,2026,AD,Anno Domini,false,12-04-1448,DD-MM-YYYY,12,Al Arba'a,الاربعاء,4,Rabīʿ al-thānī,رَبيع الثاني,30,1448,AH,Anno Hegirae,HJCoSA,8.8888888,7.7777777,Africa/Lagos,5,Egyptian General Authority of Survey,19.5,17.5,30.0444196,31.2357116,ANGLE_BASED,STANDARD,STANDARD,0,0,0,0,0,0,0,0,0,,,,,,,
05:20 (WAT),06:36 (WAT),12:39 (WAT),15:51 (WAT),18:42 (WAT),18:42 (WAT),19:49 (WAT),05:10 (WAT),00:39 (WAT),22:40 (WAT),02:38 (WAT),24 Sep 2026,1790236861,24-09-2026,DD-MM-YYYY,24,Thursday,9,September,2026,AD,Anno Domini,false,13-04-1448,DD-MM-YYYY,13,Al Khamees,الخميس,4,Rabīʿ al-thānī,رَبيع الثاني,30,1448,AH,Anno Hegirae,HJCoSA,8.8888888,7.7777777,Africa/Lagos,5,Egyptian General Authority of Survey,19.5,17.5,30.0444196,31.2357116,ANGLE_BASED,STANDARD,STANDARD,0,0,0,0,0,0,0,0,0,,,,,,,
05:20 (WAT),06:35 (WAT),12:38 (WAT),15:51 (WAT),18:41 (WAT),18:41 (WAT),19:48 (WAT),05:10 (WAT),00:38 (WAT),22:39 (WAT),02:37 (WAT),25 Sep 2026,1790323261,25-09-2026,DD-MM-YYYY,25,Friday,9,September,2026,AD,Anno Domini,false,14-04-1448,DD-MM-YYYY,14,Al Juma'a,الجمعة,4,Rabīʿ al-thānī,رَبيع الثاني,30,1448,AH,Anno Hegirae,HJCoSA,8.8888888,7.7777777,Africa/Lagos,5,Egyptian General Authority of Survey,19.5,17.5,30.0444196,31.2357116,ANGLE_BASED,STANDARD,STANDARD,0,0,0,0,0,0,0,0,0,Urs of Imām Abu Hamīd al-Ghazzāli ق,,,,,,
05:20 (WAT),06:35 (WAT),12:38 (WAT),15:51 (WAT),18:41 (WAT),18:41 (WAT),19:48 (WAT),05:10 (WAT),00:38 (WAT),22:39 (WAT),02:37 (WAT),26 Sep 2026,1790409661,26-09-2026,DD-MM-YYYY,26,Saturday,9,September,2026,AD,Anno Domini,false,15-04-1448,DD-MM-YYYY,15,Al Sabt,السبت,4,Rabīʿ al-thānī,رَبيع الثاني,30,1448,AH,Anno Hegirae,HJCoSA,8.8888888,7.7777777,Africa/Lagos,5,Egyptian General Authority of Survey,19.5,17.5,30.0444196,31.2357116,ANGLE_BASED,STANDARD,STANDARD,0,0,0,0,0,0,0,0,0,,,,,,,
05:20 (WAT),06:35 (WAT),12:38 (WAT),15:51 (WAT),18:40 (WAT),18:40 (WAT),19:47 (WAT),05:10 (WAT),00:38 (WAT),22:38 (WAT),02:37 (WAT),27 Sep 2026,1790496061,27-09-2026,DD-MM-YYYY,27,Sunday,9,September,2026,AD,Anno Domini,false,16-04-1448,DD-MM-YYYY,16,Al Ahad,الاحد,4,Rabīʿ al-thānī,رَبيع الثاني,30,1448,AH,Anno Hegirae,HJCoSA,8.8888888,7.7777777,Africa/Lagos,5,Egyptian General Authority of Survey,19.5,17.5,30.0444196,31.2357116,ANGLE_BASED,STANDARD,STANDARD,0,0,0,0,0,0,0,0,0,,,,,,,
05:20 (WAT),06:35 (WAT),12:37 (WAT),15:51 (WAT),18:40 (WAT),18:40 (WAT),19:47 (WAT),05:10 (WAT),00:37 (WAT),22:38 (WAT),02:36 (WAT),28 Sep 2026,1790582461,28-09-2026,DD-MM-YYYY,28,Monday,9,September,2026,AD,Anno Domini,false,17-04-1448,DD-MM-YYYY,17,Al Athnayn,الاثنين,4,Rabīʿ al-thānī,رَبيع الثاني,30,1448,AH,Anno Hegirae,HJCoSA,8.8888888,7.7777777,Africa/Lagos,5,Egyptian General Authority of Survey,19.5,17.5,30.0444196,31.2357116,ANGLE_BASED,STANDARD,STANDARD,0,0,0,0,0,0,0,0,0,,,,,,,
05:20 (WAT),06:35 (WAT),12:37 (WAT),15:51 (WAT),18:39 (WAT),18:39 (WAT),19:46 (WAT),05:10 (WAT),00:37 (WAT),22:38 (WAT),02:36 (WAT),29 Sep 2026,1790668861,29-09-2026,DD-MM-YYYY,29,Tuesday,9,September,2026,AD,Anno Domini,false,18-04-1448,DD-MM-YYYY,18,Al Thalaata,الثلاثاء,4,Rabīʿ al-thānī,رَبيع الثاني,30,1448,AH,Anno Hegirae,HJCoSA,8.8888888,7.7777777,Africa/Lagos,5,Egyptian General Authority of Survey,19.5,17.5,30.0444196,31.2357116,ANGLE_BASED,STANDARD,STANDARD,0,0,0,0,0,0,0,0,0,,,,,,,
05:19 (WAT),06:35 (WAT),12:37 (WAT),15:51 (WAT),18:39 (WAT),18:39 (WAT),19:46 (WAT),05:09 (WAT),00:37 (WAT),22:37 (WAT),02:36 (WAT),30 Sep 2026,1790755261,30-09-2026,DD-MM-YYYY,30,Wednesday,9,September,2026,AD,Anno Domini,false,19-04-1448,DD-MM-YYYY,19,Al Arba'a,الاربعاء,4,Rabīʿ al-thānī,رَبيع الثاني,30,1448,AH,Anno Hegirae,HJCoSA,8.8888888,7.7777777,Africa/Lagos,5,Egyptian General Authority of Survey,19.5,17.5,30.0444196,31.2357116,ANGLE_BASED,STANDARD,STANDARD,0,0,0,0,0,0,0,0,0,,,,,,,
05:19 (WAT),06:34 (WAT),12:36 (WAT),15:51 (WAT),18:38 (WAT),18:38 (WAT),19:45 (WAT),05:09 (WAT),00:36 (WAT),22:37 (WAT),02:36 (WAT),01 Oct 2026,1790841661,01-10-2026,DD-MM-YYYY,01,Thursday,10,October,2026,AD,Anno Domini,false,20-04-1448,DD-MM-YYYY,20,Al Khamees,الخميس,4,Rabīʿ al-thānī,رَبيع الثاني,30,1448,AH,Anno Hegirae,HJCoSA,8.8888888,7.7777777,Africa/Lagos,5,Egyptian General Authority of Survey,19.5,17.5,30.0444196,31.2357116,ANGLE_BASED,STANDARD,STANDARD,0,0,0,0,0,0,0,0,0,,,,,,,
05:19 (WAT),06:34 (WAT),12:36 (WAT),15:51 (WAT),18:38 (WAT),18:38 (WAT),19:45 (WAT),05:09 (WAT),00:36 (WAT),22:36 (WAT),02:35 (WAT),02 Oct 2026,1790928061,02-10-2026,DD-MM-YYYY,02,Friday,10,October,2026,AD,Anno Domini,false,21-04-1448,DD-MM-YYYY,21,Al Juma'a,الجمعة,4,Rabīʿ al-thānī,رَبيع الثاني,30,1448,AH,Anno Hegirae,HJCoSA,8.8888888,7.7777777,Africa/Lagos,5,Egyptian General Authority of Survey,19.5,17.5,30.0444196,31.2357116,ANGLE_BASED,STANDARD,STANDARD,0,0,0,0,0,0,0,0,0,,,,,,,
05:19 (WAT),06:34 (WAT),12:36 (WAT),15:51 (WAT),18:37 (WAT),18:37 (WAT),19:44 (WAT),05:09 (WAT),00:36 (WAT),22:36 (WAT),02:35 (WAT),03 Oct 2026,1791014461,03-10-2026,DD-MM-YYYY,03,Saturday,10,October,2026,AD,Anno Domini,false,22-04-1448,DD-MM-YYYY,22,Al Sabt,السبت,4,Rabīʿ al-thānī,رَبيع الثاني,30,1448,AH,Anno Hegirae,HJCoSA,8.8888888,7.7777777,Africa/Lagos,5,Egyptian General Authority of Survey,19.5,17.5,30.0444196,31.2357116,ANGLE_BASED,STANDARD,STANDARD,0,0,0,0,0,0,0,0,0,Urs of Shaykh Muhiyuddīn Ibn al-‘Arabi ق,,,,,,
05:19 (WAT),06:34 (WAT),12:35 (WAT),15:51 (WAT),18:37 (WAT),18:37 (WAT),19:44 (WAT),05:09 (WAT),00:35 (WAT),22:36 (WAT),02:35 (WAT),04 Oct 2026,1791100861,04-10-2026,DD-MM-YYYY,04,Sunday,10,October,2026,AD,Anno Domini,false,23-04-1448,DD-MM-YYYY,23,Al Ahad,الاحد,4,Rabīʿ al-thānī,رَبيع الثاني,30,1448,AH,Anno Hegirae,HJCoSA,8.8888888,7.7777777,Africa/Lagos,5,Egyptian General Authority of Survey,19.5,17.5,30.0444196,31.2357116,ANGLE_BASED,STANDARD,STANDARD,0,0,0,0,0,0,0,0,0,,,,,,,
05:19 (WAT),06:34 (WAT),12:35 (WAT),15:52 (WAT),18:36 (WAT),18:36 (WAT),19:43 (WAT),05:09 (WAT),00:35 (WAT),22:35 (WAT),02:35 (WAT),05 Oct 2026,1791187261,05-10-2026,DD-MM-YYYY,05,Monday,10,October,2026,AD,Anno Domini,false,24-04-1448,DD-MM-YYYY,24,Al Athnayn,الاثنين,4,Rabīʿ al-thānī,رَبيع الثاني,30,1448,AH,Anno Hegirae,HJCoSA,8.8888888,7.7777777,Africa/Lagos,5,Egyptian General Authority of Survey,19.5,17.5,30.0444196,31.2357116,ANGLE_BASED,STANDARD,STANDARD,0,0,0,0,0,0,0,0,0,,,,,,,
05:18 (WAT),06:34 (WAT),12:35 (WAT),15:52 (WAT),18:36 (WAT),18:36 (WAT),19:43 (WAT),05:08 (WAT),00:35 (WAT),22:35 (WAT),02:34 (WAT),06 Oct 2026,1791273661,06-10-2026,DD-MM-YYYY,06,Tuesday,10,October,2026,AD,Anno Domini,false,25-04-1448,DD-MM-YYYY,25,Al Thalaata,الثلاثاء,4,Rabīʿ al-thānī,رَبيع الثاني,30,1448,AH,Anno Hegirae,HJCoSA,8.8888888,7.7777777,Africa/Lagos,5,Egyptian General Authority of Survey,19.5,17.5,30.0444196,31.2357116,ANGLE_BASED,STANDARD,STANDARD,0,0,0,0,0,0,0,0,0,,,,,,,
05:18 (WAT),06:34 (WAT),12:34 (WAT),15:52 (WAT),18:35 (WAT),18:35 (WAT),19:42 (WAT),05:08 (WAT),00:34 (WAT),22:35 (WAT),02:34 (WAT),07 Oct 2026,1791360061,07-10-2026,DD-MM-YYYY,07,Wednesday,10,October,2026,AD,Anno Domini,false,26-04-1448,DD-MM-YYYY,26,Al Arba'a,الاربعاء,4,Rabīʿ al-thānī,رَبيع الثاني,30,1448,AH,Anno Hegirae,HJCoSA,8.8888888,7.7777777,Africa/Lagos,5,Egyptian General Authority of Survey,19.5,17.5,30.0444196,31.2357116,ANGLE_BASED,STANDARD,STANDARD,0,0,0,0,0,0,0,0,0,,,,,,,
05:18 (WAT),06:34 (WAT),12:34 (WAT),15:52 (WAT),18:35 (WAT),18:35 (WAT),19:42 (WAT),05:08 (WAT),00:34 (WAT),22:34 (WAT),02:34 (WAT),08 Oct 2026,1791446461,08-10-2026,DD-MM-YYYY,08,Thursday,10,October,2026,AD,Anno Domini,false,27-04-1448,DD-MM-YYYY,27,Al Khamees,الخميس,4,Rabīʿ al-thānī,رَبيع الثاني,30,1448,AH,Anno Hegirae,HJCoSA,8.8888888,7.7777777,Africa/Lagos,5,Egyptian General Authority of Survey,19.5,17.5,30.0444196,31.2357116,ANGLE_BASED,STANDARD,STANDARD,0,0,0,0,0,0,0,0,0,,,,,,,
05:18 (WAT),06:33 (WAT),12:34 (WAT),15:52 (WAT),18:34 (WAT),18:34 (WAT),19:42 (WAT),05:08 (WAT),00:34 (WAT),22:34 (WAT),02:34 (WAT),09 Oct 2026,1791532861,09-10-2026,DD-MM-YYYY,09,Friday,10,October,2026,AD,Anno Domini,false,28-04-1448,DD-MM-YYYY,28,Al Juma'a,الجمعة,4,Rabīʿ al-thānī,رَبيع الثاني,30,1448,AH,Anno Hegirae,HJCoSA,8.8888888,7.7777777,Africa/Lagos,5,Egyptian General Authority of Survey,19.5,17.5,30.0444196,31.2357116,ANGLE_BASED,STANDARD,STANDARD,0,0,0,0,0,0,0,0,0,,,,,,,
05:18 (WAT),06:33 (WAT),12:34 (WAT),15:52 (WAT),18:34 (WAT),18:34 (WAT),19:41 (WAT),05:08 (WAT),00:34 (WAT),22:34 (WAT),02:33 (WAT),10 Oct 2026,1791619261,10-10-2026,DD-MM-YYYY,10,Saturday,10,October,2026,AD,Anno Domini,false,29-04-1448,DD-MM-YYYY,29,Al Sabt,السبت,4,Rabīʿ al-thānī,رَبيع الثاني,30,1448,AH,Anno Hegirae,HJCoSA,8.8888888,7.7777777,Africa/Lagos,5,Egyptian General Authority of Survey,19.5,17.5,30.0444196,31.2357116,ANGLE_BASED,STANDARD,STANDARD,0,0,0,0,0,0,0,0,0,,,,,,,
05:18 (WAT),06:33 (WAT),12:33 (WAT),15:52 (WAT),18:33 (WAT),18:33 (WAT),19:41 (WAT),05:08 (WAT),00:33 (WAT),22:33 (WAT),02:33 (WAT),11 Oct 2026,1791705661,11-10-2026,DD-MM-YYYY,11,Sunday,10,October,2026,AD,Anno Domini,false,30-04-1448,DD-MM-YYYY,30,Al Ahad,الاحد,4,Rabīʿ al-thānī,رَبيع الثاني,30,1448,AH,Anno Hegirae,HJCoSA,8.8888888,7.7777777,Africa/Lagos,5,Egyptian General Authority of Survey,19.5,17.5,30.0444196,31.2357116,ANGLE_BASED,STANDARD,STANDARD,0,0,0,0,0,0,0,0,0,,,,,,,
05:18 (WAT),06:33 (WAT),12:33 (WAT),15:52 (WAT),18:33 (WAT),18:33 (WAT),19:41 (WAT),05:08 (WAT),00:33 (WAT),22:33 (WAT),02:33 (WAT),12 Oct 2026,1791792061,12-10-2026,DD-MM-YYYY,12,Monday,10,October,2026,AD,Anno Domini,false,01-05-1448,DD-MM-YYYY,1,Al Athnayn,الاثنين,5,Jumādá al-ūlá,جُمادى الأولى,30,1448,AH,Anno Hegirae,HJCoSA,8.8888888,7.7777777,Africa/Lagos,5,Egyptian General Authority of Survey,19.5,17.5,30.0444196,31.2357116,ANGLE_BASED,STANDARD,STANDARD,0,0,0,0,0,0,0,0,0,,,,,,,
05:17 (WAT),06:33 (WAT),12:33 (WAT),15:52 (WAT),18:33 (WAT),18:33 (WAT),19:40 (WAT),05:07 (WAT),00:33 (WAT),22:33 (WAT),02:33 (WAT),13 Oct 2026,1791878461,13-10-2026,DD-MM-YYYY,13,Tuesday,10,October,2026,AD,Anno Domini,false,02-05-1448,DD-MM-YYYY,2,Al Thalaata,الثلاثاء,5,Jumādá al-ūlá,جُمادى الأولى,30,1448,AH,Anno Hegirae,HJCoSA,8.8888888,7.7777777,Africa/Lagos,5,Egyptian General Authority of Survey,19.5,17.5,30.0444196,31.2357116,ANGLE_BASED,STANDARD,STANDARD,0,0,0,0,0,0,0,0,0,,,,,,,
05:17 (WAT),06:33 (WAT),12:33 (WAT),15:52 (WAT),18:32 (WAT),18:32 (WAT),19:40 (WAT),05:07 (WAT),00:33 (WAT),22:32 (WAT),02:33 (WAT),14 Oct 2026,1791964861,14-10-2026,DD-MM-YYYY,14,Wednesday,10,October,2026,AD,Anno Domini,false,03-05-1448,DD-MM-YYYY,3,Al Arba'a,الاربعاء,5,Jumādá al-ūlá,جُمادى الأولى,30,1448,AH,Anno Hegirae,HJCoSA,8.8888888,7.7777777,Africa/Lagos,5,Egyptian General Authority of Survey,19.5,17.5,30.0444196,31.2357116,ANGLE_BASED,STANDARD,STANDARD,0,0,0,0,0,0,0,0,0,,,,,,,
05:17 (WAT),06:33 (WAT),12:32 (WAT),15:52 (WAT),18:32 (WAT),18:32 (WAT),19:39 (WAT),05:07 (WAT),00:32 (WAT),22:32 (WAT),02:33 (WAT),15 Oct 2026,1792051261,15-10-2026,DD-MM-YYYY,15,Thursday,10,October,2026,AD,Anno Domini,false,04-05-1448,DD-MM-YYYY,4,Al Khamees,الخميس,5,Jumādá al-ūlá,جُمادى الأولى,30,1448,AH,Anno Hegirae,HJCoSA,8.8888888,7.7777777,Africa/Lagos,5,Egyptian General Authority of Survey,19.5,17.5,30.0444196,31.2357116,ANGLE_BASED,STANDARD,STANDARD,0,0,0,0,0,0,0,0,0,,,,,,,
05:17 (WAT),06:33 (WAT),12:32 (WAT),15:52 (WAT),18:31 (WAT),18:31 (WAT),19:39 (WAT),05:07 (WAT),00:32 (WAT),22:32 (WAT),02:32 (WAT),16 Oct 2026,1792137661,16-10-2026,DD-MM-YYYY,16,Friday,10,October,2026,AD,Anno Domini,false,05-05-1448,DD-MM-YYYY,5,Al Juma'a,الجمعة,5,Jumādá al-ūlá,جُمادى الأولى,30,1448,AH,Anno Hegirae,HJCoSA,8.8888888,7.7777777,Africa/Lagos,5,Egyptian General Authority of Survey,19.5,17.5,30.0444196,31.2357116,ANGLE_BASED,STANDARD,STANDARD,0,0,0,0,0,0,0,0,0,,,,,,,
05:17 (WAT),06:33 (WAT),12:32 (WAT),15:52 (WAT),18:31 (WAT),18:31 (WAT),19:39 (WAT),05:07 (WAT),00:32 (WAT),22:32 (WAT),02:32 (WAT),17 Oct 2026,1792224061,17-10-2026,DD-MM-YYYY,17,Saturday,10,October,2026,AD,Anno Domini,false,06-05-1448,DD-MM-YYYY,6,Al Sabt,السبت,5,Jumādá al-ūlá,جُمادى الأولى,30,1448,AH,Anno Hegirae,HJCoSA,8.8888888,7.7777777,Africa/Lagos,5,Egyptian General Authority of Survey,19.5,17.5,30.0444196,31.2357116,ANGLE_BASED,STANDARD,STANDARD,0,0,0,0,0,0,0,0,0,,,,,,,
05:17 (WAT),06:33 (WAT),12:32 (WAT),15:52 (WAT),18:31 (WAT),18:31 (WAT),19:39 (WAT),05:07 (WAT),00:32 (WAT),22:31 (WAT),02:32 (WAT),18 Oct 2026,1792310461,18-10-2026,DD-MM-YYYY,18,Sunday,10,October,2026,AD,Anno Domini,false,07-05-1448,DD-MM-YYYY,7,Al Ahad,الاحد,5,Jumādá al-ūlá,جُمادى الأولى,30,1448,AH,Anno Hegirae,HJCoSA,8.8888888,7.7777777,Africa/Lagos,5,Egyptian General Authority of Survey,19.5,17.5,30.0444196,31.2357116,ANGLE_BASED,STANDARD,STANDARD,0,0,0,0,0,0,0,0,0,,,,,,,
05:17 (WAT),06:33 (WAT),12:32 (WAT),15:52 (WAT),18:30 (WAT),18:30 (WAT),19:38 (WAT),05:07 (WAT),00:32 (WAT),22:31 (WAT),02:32 (WAT),19 Oct 2026,1792396861,19-10-2026,DD-MM-YYYY,19,Monday,10,October,2026,AD,Anno Domini,false,08-05-1448,DD-MM-YYYY,8,Al Athnayn,الاثنين,5,Jumādá al-ūlá,جُمادى الأولى,30,1448,AH,Anno Hegirae,HJCoSA,8.8888888,7.7777777,Africa/Lagos,5,Egyptian General Authority of Survey,19.5,17.5,30.0444196,31.2357116,ANGLE_BASED,STANDARD,STANDARD,0,0,0,0,0,0,0,0,0,,,,,,,
05:17 (WAT),06:33 (WAT),12:31 (WAT),15:52 (WAT),18:30 (WAT),18:30 (WAT),19:38 (WAT),05:07 (WAT),00:31 (WAT),22:31 (WAT),02:32 (WAT),20 Oct 2026,1792483261,20-10-2026,DD-MM-YYYY,20,Tuesday,10,October,2026,AD,Anno Domini,false,09-05-1448,DD-MM-YYYY,9,Al Thalaata,الثلاثاء,5,Jumādá al-ūlá,جُمادى الأولى,30,1448,AH,Anno Hegirae,HJCoSA,8.8888888,7.7777777,Africa/Lagos,5,Egyptian General Authority of Survey,19.5,17.5,30.0444196,31.2357116,ANGLE_BASED,STANDARD,STANDARD,0,0,0,0,0,0,0,0,0,,,,,,,
05:17 (WAT),06:33 (WAT),12:31 (WAT),15:52 (WAT),18:30 (WAT),18:30 (WAT),19:38 (WAT),05:07 (WAT),00:31 (WAT),22:31 (WAT),02:32 (WAT),21 Oct 2026,1792569661,21-10-2026,DD-MM-YYYY,21,Wednesday,10,October,2026,AD,Anno Domini,false,10-05-1448,DD-MM-YYYY,10,Al Arba'a,الاربعاء,5,Jumādá al-ūlá,جُمادى الأولى,30,1448,AH,Anno Hegirae,HJCoSA,8.8888888,7.7777777,Africa/Lagos,5,Egyptian General Authority of Survey,19.5,17.5,30.0444196,31.2357116,ANGLE_BASED,STANDARD,STANDARD,0,0,0,0,0,0,0,0,0,,,,,,,
05:16 (WAT),06:33 (WAT),12:31 (WAT),15:52 (WAT),18:29 (WAT),18:29 (WAT),19:38 (WAT),05:06 (WAT),00:31 (WAT),22:30 (WAT),02:32 (WAT),22 Oct 2026,1792656061,22-10-2026,DD-MM-YYYY,22,Thursday,10,October,2026,AD,Anno Domini,false,11-05-1448,DD-MM-YYYY,11,Al Khamees,الخميس,5,Jumādá al-ūlá,جُمادى الأولى,30,1448,AH,Anno Hegirae,HJCoSA,8.8888888,7.7777777,Africa/Lagos,5,Egyptian General Authority of Survey,19.5,17.5,30.0444196,31.2357116,ANGLE_BASED,STANDARD,STANDARD,0,0,0,0,0,0,0,0,0,,,,,,,
05:16 (WAT),06:33 (WAT),12:31 (WAT),15:52 (WAT),18:29 (WAT),18:29 (WAT),19:37 (WAT),05:06 (WAT),00:31 (WAT),22:30 (WAT),02:32 (WAT),23 Oct 2026,1792742461,23-10-2026,DD-MM-YYYY,23,Friday,10,October,2026,AD,Anno Domini,false,12-05-1448,DD-MM-YYYY,12,Al Juma'a,الجمعة,5,Jumādá al-ūlá,جُمادى الأولى,30,1448,AH,Anno Hegirae,HJCoSA,8.8888888,7.7777777,Africa/Lagos,5,Egyptian General Authority of Survey,19.5,17.5,30.0444196,31.2357116,ANGLE_BASED,STANDARD,STANDARD,0,0,0,0,0,0,0,0,0,,,,,,,
05:16 (WAT),06:33 (WAT),12:31 (WAT),15:52 (WAT),18:29 (WAT),18:29 (WAT),19:37 (WAT),05:06 (WAT),00:31 (WAT),22:30 (WAT),02:31 (WAT),24 Oct 2026,1792828861,24-10-2026,DD-MM-YYYY,24,Saturday,10,October,2026,AD,Anno Domini,false,13-05-1448,DD-MM-YYYY,13,Al Sabt,السبت,5,Jumādá al-ūlá,جُمادى الأولى,30,1448,AH,Anno Hegirae,HJCoSA,8.8888888,7.7777777,Africa/Lagos,5,Egyptian General Authority of Survey,19.5,17.5,30.0444196,31.2357116,ANGLE_BASED,STANDARD,STANDARD,0,0,0,0,0,0,0,0,0,,,,,,,
05:16 (WAT),06:33 (WAT),12:31 (WAT),15:52 (WAT),18:28 (WAT),18:28 (WAT),19:37 (WAT),05:06 (WAT),00:31 (WAT),22:30 (WAT),02:31 (WAT),25 Oct 2026,1792915261,25-10-2026,DD-MM-YYYY,25,Sunday,10,October,2026,AD,Anno Domini,false,14-05-1448,DD-MM-YYYY,14,Al Ahad,الاحد,5,Jumādá al-ūlá,جُمادى الأولى,30,1448,AH,Anno Hegirae,HJCoSA,8.8888888,7.7777777,Africa/Lagos,5,Egyptian General Authority of Survey,19.5,17.5,30.0444196,31.2357116,ANGLE_BASED,STANDARD,STANDARD,0,0,0,0,0,0,0,0,0,,,,,,,
05:16 (WAT),06:33 (WAT),12:31 (WAT),15:52 (WAT),18:28 (WAT),18:28 (WAT),19:37 (WAT),05:06 (WAT),00:31 (WAT),22:30 (WAT),02:31 (WAT),26 Oct 2026,1793001661,26-10-2026,DD-MM-YYYY,26,Monday,10,October,2026,AD,Anno Domini,false,15-05-1448,DD-MM-YYYY,15,Al Athnayn,الاثنين,5,Jumādá al-ūlá,جُمادى الأولى,30,1448,AH,Anno Hegirae,HJCoSA,8.8888888,7.7777777,Africa/Lagos,5,Egyptian General Authority of Survey,19.5,17.5,30.0444196,31.2357116,ANGLE_BASED,STANDARD,STANDARD,0,0,0,0,0,0,0,0,0,,,,,,,
05:16 (WAT),06:33 (WAT),12:30 (WAT),15:52 (WAT),18:28 (WAT),18:28 (WAT),19:37 (WAT),05:06 (WAT),00:30 (WAT),22:30 (WAT),02:31 (WAT),27 Oct 2026,1793088061,27-10-2026,DD-MM-YYYY,27,Tuesday,10,October,2026,AD,Anno Domini,false,16-05-1448,DD-MM-YYYY,16,Al Thalaata,الثلاثاء,5,Jumādá al-ūlá,جُمادى الأولى,30,1448,AH,Anno Hegirae,HJCoSA,8.8888888,7.7777777,Africa/Lagos,5,Egyptian General Authority of Survey,19.5,17.5,30.0444196,31.2357116,ANGLE_BASED,STANDARD,STANDARD,0,0,0,0,0,0,0,0,0,,,,,,,
05:16 (WAT),06:33 (WAT),12:30 (WAT),15:52 (WAT),18:28 (WAT),18:28 (WAT),19:36 (WAT),05:06 (WAT),00:30 (WAT),22:29 (WAT),02:31 (WAT),28 Oct 2026,1793174461,28-10-2026,DD-MM-YYYY,28,Wednesday,10,October,2026,AD,Anno Domini,false,17-05-1448,DD-MM-YYYY,17,Al Arba'a,الاربعاء,5,Jumādá al-ūlá,جُمادى الأولى,30,1448,AH,Anno Hegirae,HJCoSA,8.8888888,7.7777777,Africa/Lagos,5,Egyptian General Authority of Survey,19.5,17.5,30.0444196,31.2357116,ANGLE_BASED,STANDARD,STANDARD,0,0,0,0,0,0,0,0,0,,,,,,,
05:16 (WAT),06:33 (WAT),12:30 (WAT),15:52 (WAT),18:27 (WAT),18:27 (WAT),19:36 (WAT),05:06 (WAT),00:30 (WAT),22:29 (WAT),02:31 (WAT),29 Oct 2026,1793260861,29-10-2026,DD-MM-YYYY,29,Thursday,10,October,2026,AD,Anno Domini,false,18-05-1448,DD-MM-YYYY,18,Al Khamees,الخميس,5,Jumādá al-ūlá,جُمادى الأولى,30,1448,AH,Anno Hegirae,HJCoSA,8.8888888,7.7777777,Africa/Lagos,5,Egyptian General Authority of Survey,19.5,17.5,30.0444196,31.2357116,ANGLE_BASED,STANDARD,STANDARD,0,0,0,0,0,0,0,0,0,,,,,,,
05:16 (WAT),06:33 (WAT),12:30 (WAT),15:52 (WAT),18:27 (WAT),18:27 (WAT),19:36 (WAT),05:06 (WAT),00:30 (WAT),22:29 (WAT),02:31 (WAT),30 Oct 2026,1793347261,30-10-2026,DD-MM-YYYY,30,Friday,10,October,2026,AD,Anno Domini,false,19-05-1448,DD-MM-YYYY,19,Al Juma'a,الجمعة,5,Jumādá al-ūlá,جُمادى الأولى,30,1448,AH,Anno Hegirae,HJCoSA,8.8888888,7.7777777,Africa/Lagos,5,Egyptian General Authority of Survey,19.5,17.5,30.0444196,31.2357116,ANGLE_BASED,STANDARD,STANDARD,0,0,0,0,0,0,0,0,0,,,,,,,
05:16 (WAT),06:33 (WAT),12:30 (WAT),15:52 (WAT),18:27 (WAT),18:27 (WAT),19:36 (WAT),05:06 (WAT),00:30 (WAT),22:29 (WAT),02:31 (WAT),31 Oct 2026,1793433661,31-10-2026,DD-MM-YYYY,31,Saturday,10,October,2026,AD,Anno Domini,false,20-05-1448,DD-MM-YYYY,20,Al Sabt,السبت,5,Jumādá al-ūlá,جُمادى الأولى,30,1448,AH,Anno Hegirae,HJCoSA,8.8888888,7.7777777,Africa/Lagos,5,Egyptian General Authority of Survey,19.5,17.5,30.0444196,31.2357116,ANGLE_BASED,STANDARD,STANDARD,0,0,0,0,0,0,0,0,0,,,,,,,
05:16 (WAT),06:33 (WAT),12:30 (WAT),15:52 (WAT),18:27 (WAT),18:27 (WAT),19:36 (WAT),05:06 (WAT),00:30 (WAT),22:29 (WAT),02:31 (WAT),01 Nov 2026,1793520061,01-11-2026,DD-MM-YYYY,01,Sunday,11,November,2026,AD,Anno Domini,false,21-05-1448,DD-MM-YYYY,21,Al Ahad,الاحد,5,Jumādá al-ūlá,جُمادى الأولى,30,1448,AH,Anno Hegirae,HJCoSA,8.8888888,7.7777777,Africa/Lagos,5,Egyptian General Authority of Survey,19.5,17.5,30.0444196,31.2357116,ANGLE_BASED,STANDARD,STANDARD,0,0,0,0,0,0,0,0,0,,,,,,,
05:16 (WAT),06:34 (WAT),12:30 (WAT),15:52 (WAT),18:27 (WAT),18:27 (WAT),19:36 (WAT),05:06 (WAT),00:30 (WAT),22:29 (WAT),02:31 (WAT),02 Nov 2026,1793606461,02-11-2026,DD-MM-YYYY,02,Monday,11,November,2026,AD,Anno Domini,false,22-05-1448,DD-MM-YYYY,22,Al Athnayn,الاثنين,5,Jumādá al-ūlá,جُمادى الأولى,30,1448,AH,Anno Hegirae,HJCoSA,8.8888888,7.7777777,Africa/Lagos,5,Egyptian General Authority of Survey,19.5,17.5,30.0444196,31.2357116,ANGLE_BASED,STANDARD,STANDARD,0,0,0,0,0,0,0,0,0,,,,,,,
05:16 (WAT),06:34 (WAT),12:30 (WAT),15:52 (WAT),18:27 (WAT),18:27 (WAT),19:36 (WAT),05:06 (WAT),00:30 (WAT),22:29 (WAT),02:31 (WAT),03 Nov 2026,1793692861,03-11-2026,DD-MM-YYYY,03,Tuesday,11,November,2026,AD,Anno Domini,false,23-05-1448,DD-MM-YYYY,23,Al Thalaata,الثلاثاء,5,Jumādá al-ūlá,جُمادى الأولى,30,1448,AH,Anno Hegirae,HJCoSA,8.8888888,7.7777777,Africa/Lagos,5,Egyptian General Authority of Survey,19.5,17.5,30.0444196,31.2357116,ANGLE_BASED,STANDARD,STANDARD,0,0,0,0,0,0,0,0,0,,,,,,,
05:16 (WAT),06:34 (WAT),12:30 (WAT),15:52 (WAT),18:26 (WAT),18:26 (WAT),19:36 (WAT),05:06 (WAT),00:30 (WAT),22:29 (WAT),02:31 (WAT),04 Nov 2026,1793779261,04-11-2026,DD-MM-YYYY,04,Wednesday,11,November,2026,AD,Anno Domini,false,24-05-1448,DD-MM-YYYY,24,Al Arba'a,الاربعاء,5,Jumādá al-ūlá,جُمادى الأولى,30,1448,AH,Anno Hegirae,HJCoSA,8.8888888,7.7777777,Africa/Lagos,5,Egyptian General Authority of Survey,19.5,17.5,30.0444196,31.2357116,ANGLE_BASED,STANDARD,STANDARD,0,0,0,0,0,0,0,0,0,,,,,,,
05:16 (WAT),06:34 (WAT),12:30 (WAT),15:52 (WAT),18:26 (WAT),18:26 (WAT),19:36 (WAT),05:06 (WAT),00:30 (WAT),22:29 (WAT),02:31 (WAT),05 Nov 2026,1793865661,05-11-2026,DD-MM-YYYY,05,Thursday,11,November,2026,AD,Anno Domini,false,25-05-1448,DD-MM-YYYY,25,Al Khamees,الخميس,5,Jumādá al-ūlá,جُمادى الأولى,30,1448,AH,Anno Hegirae,HJCoSA,8.8888888,7.7777777,Africa/Lagos,5,Egyptian General Authority of Survey,19.5,17.5,30.0444196,31.2357116,ANGLE_BASED,STANDARD,STANDARD,0,0,0,0,0,0,0,0,0,,,,,,,
05:16 (WAT),06:34 (WAT),12:30 (WAT),15:52 (WAT),18:26 (WAT),18:26 (WAT),19:36 (WAT),05:06 (WAT),00:30 (WAT),22:29 (WAT),02:32 (WAT),06 Nov 2026,1793952061,06-11-2026,DD-MM-YYYY,06,Friday,11,November,2026,AD,Anno Domini,false,26-05-1448,DD-MM-YYYY,26,Al Juma'a,الجمعة,5,Jumādá al-ūlá,جُمادى الأولى,30,1448,AH,Anno Hegirae,HJCoSA,8.8888888,7.7777777,Africa/Lagos,5,Egyptian General Authority of Survey,19.5,17.5,30.0444196,31.2357116,ANGLE_BASED,STANDARD,STANDARD,0,0,0,0,0,0,0,0,0,,,,,,,
05:16 (WAT),06:34 (WAT),12:30 (WAT),15:52 (WAT),18:26 (WAT),18:26 (WAT),19:36 (WAT),05:06 (WAT),00:30 (WAT),22:29 (WAT),02:32 (WAT),07 Nov 2026,1794038461,07-11-2026,DD-MM-YYYY,07,Saturday,11,November,2026,AD,Anno Domini,false,27-05-1448,DD-MM-YYYY,27,Al Sabt,السبت,5,Jumādá al-ūlá,جُمادى الأولى,30,1448,AH,Anno Hegirae,HJCoSA,8.8888888,7.7777777,Africa/Lagos,5,Egyptian General Authority of Survey,19.5,17.5,30.0444196,31.2357116,ANGLE_BASED,STANDARD,STANDARD,0,0,0,0,0,0,0,0,0,Urs of Shaykh Sharafuddīn ad-Daghestāni ق,,,,,,
05:16 (WAT),06:35 (WAT),12:30 (WAT),15:53 (WAT),18:26 (WAT),18:26 (WAT),19:36 (WAT),05:06 (WAT),00:30 (WAT),22:29 (WAT),02:32 (WAT),08 Nov 2026,1794124861,08-11-2026,DD-MM-YYYY,08,Sunday,11,November,2026,AD,Anno Domini,false,28-05-1448,DD-MM-YYYY,28,Al Ahad,الاحد,5,Jumādá al-ūlá,جُمادى الأولى,30,1448,AH,Anno Hegirae,HJCoSA,8.8888888,7.7777777,Africa/Lagos,5,Egyptian General Authority of Survey,19.5,17.5,30.0444196,31.2357116,ANGLE_BASED,STANDARD,STANDARD,0,0,0,0,0,0,0,0,0,,,,,,,
05:17 (WAT),06:35 (WAT),12:30 (WAT),15:53 (WAT),18:26 (WAT),18:26 (WAT),19:36 (WAT),05:07 (WAT),00:30 (WAT),22:29 (WAT),02:32 (WAT),09 Nov 2026,1794211261,09-11-2026,DD-MM-YYYY,09,Monday,11,November,2026,AD,Anno Domini,false,29-05-1448,DD-MM-YYYY,29,Al Athnayn,الاثنين,5,Jumādá al-ūlá,جُمادى الأولى,30,1448,AH,Anno Hegirae,HJCoSA,8.8888888,7.7777777,Africa/Lagos,5,Egyptian General Authority of Survey,19.5,17.5,30.0444196,31.2357116,ANGLE_BASED,STANDARD,STANDARD,0,0,0,0,0,0,0,0,0,,,,,,,
05:17 (WAT),06:35 (WAT),12:31 (WAT),15:53 (WAT),18:26 (WAT),18:26 (WAT),19:36 (WAT),05:07 (WAT),00:30 (WAT),22:29 (WAT),02:32 (WAT),10 Nov 2026,1794297661,10-11-2026,DD-MM-YYYY,10,Tuesday,11,November,2026,AD,Anno Domini,false,30-05-1448,DD-MM-YYYY,30,Al Thalaata,الثلاثاء,5,Jumādá al-ūlá,جُمادى الأولى,30,1448,AH,Anno Hegirae,HJCoSA,8.8888888,7.7777777,Africa/Lagos,5,Egyptian General Authority of Survey,19.5,17.5,30.0444196,31.2357116,ANGLE_BASED,STANDARD,STANDARD,0,0,0,0,0,0,0,0,0,,,,,,,
05:17 (WAT),06:35 (WAT),12:31 (WAT),15:53 (WAT),18:26 (WAT),18:26 (WAT),19:36 (WAT),05:07 (WAT),00:31 (WAT),22:29 (WAT),02:32 (WAT),11 Nov 2026,1794384061,11-11-2026,DD-MM-YYYY,11,Wednesday,11,November,2026,AD,Anno Domini,false,01-06-1448,DD-MM-YYYY,1,Al Arba'a,الاربعاء,6,Jumādá al-ākhirah,جُمادى الآخرة,29,1448,AH,Anno Hegirae,HJCoSA,8.8888888,7.7777777,Africa/Lagos,5,Egyptian General Authority of Survey,19.5,17.5,30.0444196,31.2357116,ANGLE_BASED,STANDARD,STANDARD,0,0,0,0,0,0,0,0,0,,,,,,,
05:17 (WAT),06:35 (WAT),12:31 (WAT),15:53 (WAT),18:26 (WAT),18:26 (WAT),19:36 (WAT),05:07 (WAT),00:31 (WAT),22:29 (WAT),02:32 (WAT),12 Nov 2026,1794470461,12-11-2026,DD-MM-YYYY,12,Thursday,11,November,2026,AD,Anno Domini,false,02-06-1448,DD-MM-YYYY,2,Al Khamees,الخميس,6,Jumādá al-ākhirah,جُمادى الآخرة,29,1448,AH,Anno Hegirae,HJCoSA,8.8888888,7.7777777,Africa/Lagos,5,Egyptian General Authority of Survey,19.5,17.5,30.0444196,31.2357116,ANGLE_BASED,STANDARD,STANDARD,0,0,0,0,0,0,0,0,0,,,,,,,
05:17 (WAT),06:36 (WAT),12:31 (WAT),15:53 (WAT),18:26 (WAT),18:26 (WAT),19:36 (WAT),05:07 (WAT),00:31 (WAT),22:29 (WAT),02:32 (WAT),13 Nov 2026,1794556861,13-11-2026,DD-MM-YYYY,13,Friday,11,November,2026,AD,Anno Domini,false,03-06-1448,DD-MM-YYYY,3,Al Juma'a,الجمعة,6,Jumādá al-ākhirah,جُمادى الآخرة,29,1448,AH,Anno Hegirae,HJCoSA,8.8888888,7.7777777,Africa/Lagos,5,Egyptian General Authority of Survey,19.5,17.5,30.0444196,31.2357116,ANGLE_BASED,STANDARD,STANDARD,0,0,0,0,0,0,0,0,0,Urs of Mawlānā Shaykh Hishām Kabbāni ق,,,,,,
05:17 (WAT),06:36 (WAT),12:31 (WAT),15:53 (WAT),18:26 (WAT),18:26 (WAT),19:36 (WAT),05:07 (WAT),00:31 (WAT),22:29 (WAT),02:33 (WAT),14 Nov 2026,1794643261,14-11-2026,DD-MM-YYYY,14,Saturday,11,November,2026,AD,Anno Domini,false,04-06-1448,DD-MM-YYYY,4,Al Sabt,السبت,6,Jumādá al-ākhirah,جُمادى الآخرة,29,1448,AH,Anno Hegirae,HJCoSA,8.8888888,7.7777777,Africa/Lagos,5,Egyptian General Authority of Survey,19.5,17.5,30.0444196,31.2357116,ANGLE_BASED,STANDARD,STANDARD,0,0,0,0,0,0,0,0,0,,,,,,,
05:17 (WAT),06:36 (WAT),12:31 (WAT),15:54 (WAT),18:26 (WAT),18:26 (WAT),19:37 (WAT),05:07 (WAT),00:31 (WAT),22:29 (WAT),02:33 (WAT),15 Nov 2026,1794729661,15-11-2026,DD-MM-YYYY,15,Sunday,11,November,2026,AD,Anno Domini,false,05-06-1448,DD-MM-YYYY,5,Al Ahad,الاحد,6,Jumādá al-ākhirah,جُمادى الآخرة,29,1448,AH,Anno Hegirae,HJCoSA,8.8888888,7.7777777,Africa/Lagos,5,Egyptian General Authority of Survey,19.5,17.5,30.0444196,31.2357116,ANGLE_BASED,STANDARD,STANDARD,0,0,0,0,0,0,0,0,0,,,,,,,
05:18 (WAT),06:37 (WAT),12:31 (WAT),15:54 (WAT),18:26 (WAT),18:26 (WAT),19:37 (WAT),05:08 (WAT),00:31 (WAT),22:30 (WAT),02:33 (WAT),16 Nov 2026,1794816061,16-11-2026,DD-MM-YYYY,16,Monday,11,November,2026,AD,Anno Domini,false,06-06-1448,DD-MM-YYYY,6,Al Athnayn,الاثنين,6,Jumādá al-ākhirah,جُمادى الآخرة,29,1448,AH,Anno Hegirae,HJCoSA,8.8888888,7.7777777,Africa/Lagos,5,Egyptian General Authority of Survey,19.5,17.5,30.0444196,31.2357116,ANGLE_BASED,STANDARD,STANDARD,0,0,0,0,0,0,0,0,0,,,,,,,
05:18 (WAT),06:37 (WAT),12:32 (WAT),15:54 (WAT),18:26 (WAT),18:26 (WAT),19:37 (WAT),05:08 (WAT),00:32 (WAT),22:30 (WAT),02:33 (WAT),17 Nov 2026,1794902461,17-11-2026,DD-MM-YYYY,17,Tuesday,11,November,2026,AD,Anno Domini,false,07-06-1448,DD-MM-YYYY,7,Al Thalaata,الثلاثاء,6,Jumādá al-ākhirah,جُمادى الآخرة,29,1448,AH,Anno Hegirae,HJCoSA,8.8888888,7.7777777,Africa/Lagos,5,Egyptian General Authority of Survey,19.5,17.5,30.0444196,31.2357116,ANGLE_BASED,STANDARD,STANDARD,0,0,0,0,0,0,0,0,0,,,,,,,
05:18 (WAT),06:37 (WAT),12:32 (WAT),15:54 (WAT),18:26 (WAT),18:26 (WAT),19:37 (WAT),05:08 (WAT),00:32 (WAT),22:30 (WAT),02:34 (WAT),18 Nov 2026,1794988861,18-11-2026,DD-MM-YYYY,18,Wednesday,11,November,2026,AD,Anno Domini,false,08-06-1448,DD-MM-YYYY,8,Al Arba'a,الاربعاء,6,Jumādá al-ākhirah,جُمادى الآخرة,29,1448,AH,Anno Hegirae,HJCoSA,8.8888888,7.7777777,Africa/Lagos,5,Egyptian General Authority of Survey,19.5,17.5,30.0444196,31.2357116,ANGLE_BASED,STANDARD,STANDARD,0,0,0,0,0,0,0,0,0,,,,,,,
05:18 (WAT),06:38 (WAT),12:32 (WAT),15:54 (WAT),18:26 (WAT),18:26 (WAT),19:37 (WAT),05:08 (WAT),00:32 (WAT),22:30 (WAT),02:34 (WAT),19 Nov 2026,1795075261,19-11-2026,DD-MM-YYYY,19,Thursday,11,November,2026,AD,Anno Domini,false,09-06-1448,DD-MM-YYYY,9,Al Khamees,الخميس,6,Jumādá al-ākhirah,جُمادى الآخرة,29,1448,AH,Anno Hegirae,HJCoSA,8.8888888,7.7777777,Africa/Lagos,5,Egyptian General Authority of Survey,19.5,17.5,30.0444196,31.2357116,ANGLE_BASED,STANDARD,STANDARD,0,0,0,0,0,0,0,0,0,,,,,,,
05:18 (WAT),06:38 (WAT),12:32 (WAT),15:55 (WAT),18:27 (WAT),18:27 (WAT),19:38 (WAT),05:08 (WAT),00:32 (WAT),22:30 (WAT),02:34 (WAT),20 Nov 2026,1795161661,20-11-2026,DD-MM-YYYY,20,Friday,11,November,2026,AD,Anno Domini,false,10-06-1448,DD-MM-YYYY,10,Al Juma'a,الجمعة,6,Jumādá al-ākhirah,جُمادى الآخرة,29,1448,AH,Anno Hegirae,HJCoSA,8.8888888,7.7777777,Africa/Lagos,5,Egyptian General Authority of Survey,19.5,17.5,30.0444196,31.2357116,ANGLE_BASED,STANDARD,STANDARD,0,0,0,0,0,0,0,0,0,Urs of Muhammad Bābā as-Samasi ق,,,,,,
05:19 (WAT),06:38 (WAT),12:32 (WAT),15:55 (WAT),18:27 (WAT),18:27 (WAT),19:38 (WAT),05:09 (WAT),00:32 (WAT),22:31 (WAT),02:34 (WAT),21 Nov 2026,1795248061,21-11-2026,DD-MM-YYYY,21,Saturday,11,November,2026,AD,Anno Domini,false,11-06-1448,DD-MM-YYYY,11,Al Sabt,السبت,6,Jumādá al-ākhirah,جُمادى الآخرة,29,1448,AH,Anno Hegirae,HJCoSA,8.8888888,7.7777777,Africa/Lagos,5,Egyptian General Authority of Survey,19.5,17.5,30.0444196,31.2357116,ANGLE_BASED,STANDARD,STANDARD,0,0,0,0,0,0,0,0,0,,,,,,,
05:19 (WAT),06:39 (WAT),12:33 (WAT),15:55 (WAT),18:27 (WAT),18:27 (WAT),19:38 (WAT),05:09 (WAT),00:33 (WAT),22:31 (WAT),02:35 (WAT),22 Nov 2026,1795334461,22-11-2026,DD-MM-YYYY,22,Sunday,11,November,2026,AD,Anno Domini,false,12-06-1448,DD-MM-YYYY,12,Al Ahad,الاحد,6,Jumādá al-ākhirah,جُمادى الآخرة,29,1448,AH,Anno Hegirae,HJCoSA,8.8888888,7.7777777,Africa/Lagos,5,Egyptian General Authority of Survey,19.5,17.5,30.0444196,31.2357116,ANGLE_BASED,STANDARD,STANDARD,0,0,0,0,0,0,0,0,0,,,,,,,
05:19 (WAT),06:39 (WAT),12:33 (WAT),15:55 (WAT),18:27 (WAT),18:27 (WAT),19:38 (WAT),05:09 (WAT),00:33 (WAT),22:31 (WAT),02:35 (WAT),23 Nov 2026,1795420861,23-11-2026,DD-MM-YYYY,23,Monday,11,November,2026,AD,Anno Domini,false,13-06-1448,DD-MM-YYYY,13,Al Athnayn,الاثنين,6,Jumādá al-ākhirah,جُمادى الآخرة,29,1448,AH,Anno Hegirae,HJCoSA,8.8888888,7.7777777,Africa/Lagos,5,Egyptian General Authority of Survey,19.5,17.5,30.0444196,31.2357116,ANGLE_BASED,STANDARD,STANDARD,0,0,0,0,0,0,0,0,0,,,,,,,
05:19 (WAT),06:39 (WAT),12:33 (WAT),15:56 (WAT),18:27 (WAT),18:27 (WAT),19:39 (WAT),05:09 (WAT),00:33 (WAT),22:31 (WAT),02:35 (WAT),24 Nov 2026,1795507261,24-11-2026,DD-MM-YYYY,24,Tuesday,11,November,2026,AD,Anno Domini,false,14-06-1448,DD-MM-YYYY,14,Al Thalaata,الثلاثاء,6,Jumādá al-ākhirah,جُمادى الآخرة,29,1448,AH,Anno Hegirae,HJCoSA,8.8888888,7.7777777,Africa/Lagos,5,Egyptian General Authority of Survey,19.5,17.5,30.0444196,31.2357116,ANGLE_BASED,STANDARD,STANDARD,0,0,0,0,0,0,0,0,0,Urs of Muhammad Bāqi Billāh  ق,,,,,,
05:20 (WAT),06:40 (WAT),12:34 (WAT),15:56 (WAT),18:27 (WAT),18:27 (WAT),19:39 (WAT),05:10 (WAT),00:34 (WAT),22:32 (WAT),02:36 (WAT),25 Nov 2026,1795593661,25-11-2026,DD-MM-YYYY,25,Wednesday,11,November,2026,AD,Anno Domini,false,15-06-1448,DD-MM-YYYY,15,Al Arba'a,الاربعاء,6,Jumādá al-ākhirah,جُمادى الآخرة,29,1448,AH,Anno Hegirae,HJCoSA,8.8888888,7.7777777,Africa/Lagos,5,Egyptian General Authority of Survey,19.5,17.5,30.0444196,31.2357116,ANGLE_BASED,STANDARD,STANDARD,0,0,0,0,0,0,0,0,0,,,,,,,
05:20 (WAT),06:40 (WAT),12:34 (WAT),15:56 (WAT),18:28 (WAT),18:28 (WAT),19:39 (WAT),05:10 (WAT),00:34 (WAT),22:32 (WAT),02:36 (WAT),26 Nov 2026,1795680061,26-11-2026,DD-MM-YYYY,26,Thursday,11,November,2026,AD,Anno Domini,false,16-06-1448,DD-MM-YYYY,16,Al Khamees,الخميس,6,Jumādá al-ākhirah,جُمادى الآخرة,29,1448,AH,Anno Hegirae,HJCoSA,8.8888888,7.7777777,Africa/Lagos,5,Egyptian General Authority of Survey,19.5,17.5,30.0444196,31.2357116,ANGLE_BASED,STANDARD,STANDARD,0,0,0,0,0,0,0,0,0,,,,,,,
05:20 (WAT),06:41 (WAT),12:34 (WAT),15:57 (WAT),18:28 (WAT),18:28 (WAT),19:40 (WAT),05:10 (WAT),00:34 (WAT),22:32 (WAT),02:36 (WAT),27 Nov 2026,1795766461,27-11-2026,DD-MM-YYYY,27,Friday,11,November,2026,AD,Anno Domini,false,17-06-1448,DD-MM-YYYY,17,Al Juma'a,الجمعة,6,Jumādá al-ākhirah,جُمادى الآخرة,29,1448,AH,Anno Hegirae,HJCoSA,8.8888888,7.7777777,Africa/Lagos,5,Egyptian General Authority of Survey,19.5,17.5,30.0444196,31.2357116,ANGLE_BASED,STANDARD,STANDARD,0,0,0,0,0,0,0,0,0,,,,,,,
05:21 (WAT),06:41 (WAT),12:35 (WAT),15:57 (WAT),18:28 (WAT),18:28 (WAT),19:40 (WAT),05:11 (WAT),00:35 (WAT),22:32 (WAT),02:37 (WAT),28 Nov 2026,1795852861,28-11-2026,DD-MM-YYYY,28,Saturday,11,November,2026,AD,Anno Domini,false,18-06-1448,DD-MM-YYYY,18,Al Sabt,السبت,6,Jumādá al-ākhirah,جُمادى الآخرة,29,1448,AH,Anno Hegirae,HJCoSA,8.8888888,7.7777777,Africa/Lagos,5,Egyptian General Authority of Survey,19.5,17.5,30.0444196,31.2357116,ANGLE_BASED,STANDARD,STANDARD,0,0,0,0,0,0,0,0,0,,,,,,,
05:21 (WAT),06:41 (WAT),12:35 (WAT),15:57 (WAT),18:28 (WAT),18:28 (WAT),19:40 (WAT),05:11 (WAT),00:35 (WAT),22:33 (WAT),02:37 (WAT),29 Nov 2026,1795939261,29-11-2026,DD-MM-YYYY,29,Sunday,11,November,2026,AD,Anno Domini,false,19-06-1448,DD-MM-YYYY,19,Al Ahad,الاحد,6,Jumādá al-ākhirah,جُمادى الآخرة,29,1448,AH,Anno Hegirae,HJCoSA,8.8888888,7.7777777,Africa/Lagos,5,Egyptian General Authority of Survey,19.5,17.5,30.0444196,31.2357116,ANGLE_BASED,STANDARD,STANDARD,0,0,0,0,0,0,0,0,0,,,,,,,
05:21 (WAT),06:42 (WAT),12:35 (WAT),15:57 (WAT),18:29 (WAT),18:29 (WAT),19:41 (WAT),05:11 (WAT),00:35 (WAT),22:33 (WAT),02:37 (WAT),30 Nov 2026,1796025661,30-11-2026,DD-MM-YYYY,30,Monday,11,November,2026,AD,Anno Domini,false,20-06-1448,DD-MM-YYYY,20,Al Athnayn,الاثنين,6,Jumādá al-ākhirah,جُمادى الآخرة,29,1448,AH,Anno Hegirae,HJCoSA,8.8888888,7.7777777,Africa/Lagos,5,Egyptian General Authority of Survey,19.5,17.5,30.0444196,31.2357116,ANGLE_BASED,STANDARD,STANDARD,0,0,0,0,0,0,0,0,0,,,,,,,
05:22 (WAT),06:42 (WAT),12:36 (WAT),15:58 (WAT),18:29 (WAT),18:29 (WAT),19:41 (WAT),05:12 (WAT),00:36 (WAT),22:33 (WAT),02:38 (WAT),01 Dec 2026,1796112061,01-12-2026,DD-MM-YYYY,01,Tuesday,12,December,2026,AD,Anno Domini,false,21-06-1448,DD-MM-YYYY,21,Al Thalaata,الثلاثاء,6,Jumādá al-ākhirah,جُمادى الآخرة,29,1448,AH,Anno Hegirae,HJCoSA,8.8888888,7.7777777,Africa/Lagos,5,Egyptian General Authority of Survey,19.5,17.5,30.0444196,31.2357116,ANGLE_BASED,STANDARD,STANDARD,0,0,0,0,0,0,0,0,0,,,,,,,
05:22 (WAT),06:43 (WAT),12:36 (WAT),15:58 (WAT),18:29 (WAT),18:29 (WAT),19:41 (WAT),05:12 (WAT),00:36 (WAT),22:34 (WAT),02:38 (WAT),02 Dec 2026,1796198461,02-12-2026,DD-MM-YYYY,02,Wednesday,12,December,2026,AD,Anno Domini,false,22-06-1448,DD-MM-YYYY,22,Al Arba'a,الاربعاء,6,Jumādá al-ākhirah,جُمادى الآخرة,29,1448,AH,Anno Hegirae,HJCoSA,8.8888888,7.7777777,Africa/Lagos,5,Egyptian General Authority of Survey,19.5,17.5,30.0444196,31.2357116,ANGLE_BASED,STANDARD,STANDARD,0,0,0,0,0,0,0,0,0,,,,,,,
05:22 (WAT),06:43 (WAT),12:36 (WAT),15:59 (WAT),18:30 (WAT),18:30 (WAT),19:42 (WAT),05:12 (WAT),00:36 (WAT),22:34 (WAT),02:39 (WAT),03 Dec 2026,1796284861,03-12-2026,DD-MM-YYYY,03,Thursday,12,December,2026,AD,Anno Domini,false,23-06-1448,DD-MM-YYYY,23,Al Khamees,الخميس,6,Jumādá al-ākhirah,جُمادى الآخرة,29,1448,AH,Anno Hegirae,HJCoSA,8.8888888,7.7777777,Africa/Lagos,5,Egyptian General Authority of Survey,19.5,17.5,30.0444196,31.2357116,ANGLE_BASED,STANDARD,STANDARD,0,0,0,0,0,0,0,0,0,,,,,,,
05:23 (WAT),06:44 (WAT),12:37 (WAT),15:59 (WAT),18:30 (WAT),18:30 (WAT),19:42 (WAT),05:13 (WAT),00:37 (WAT),22:34 (WAT),02:39 (WAT),04 Dec 2026,1796371261,04-12-2026,DD-MM-YYYY,04,Friday,12,December,2026,AD,Anno Domini,false,24-06-1448,DD-MM-YYYY,24,Al Juma'a,الجمعة,6,Jumādá al-ākhirah,جُمادى الآخرة,29,1448,AH,Anno Hegirae,HJCoSA,8.8888888,7.7777777,Africa/Lagos,5,Egyptian General Authority of Survey,19.5,17.5,30.0444196,31.2357116,ANGLE_BASED,STANDARD,STANDARD,0,0,0,0,0,0,0,0,0,,,,,,,
05:23 (WAT),06:44 (WAT),12:37 (WAT),15:59 (WAT),18:30 (WAT),18:30 (WAT),19:43 (WAT),05:13 (WAT),00:37 (WAT),22:35 (WAT),02:40 (WAT),05 Dec 2026,1796457661,05-12-2026,DD-MM-YYYY,05,Saturday,12,December,2026,AD,Anno Domini,false,25-06-1448,DD-MM-YYYY,25,Al Sabt,السبت,6,Jumādá al-ākhirah,جُمادى الآخرة,29,1448,AH,Anno Hegirae,HJCoSA,8.8888888,7.7777777,Africa/Lagos,5,Egyptian General Authority of Survey,19.5,17.5,30.0444196,31.2357116,ANGLE_BASED,STANDARD,STANDARD,0,0,0,0,0,0,0,0,0,,,,,,,
05:24 (WAT),06:45 (WAT),12:38 (WAT),16:00 (WAT),18:31 (WAT),18:31 (WAT),19:43 (WAT),05:14 (WAT),00:38 (WAT),22:35 (WAT),02:40 (WAT),06 Dec 2026,1796544061,06-12-2026,DD-MM-YYYY,06,Sunday,12,December,2026,AD,Anno Domini,false,26-06-1448,DD-MM-YYYY,26,Al Ahad,الاحد,6,Jumādá al-ākhirah,جُمادى الآخرة,29,1448,AH,Anno Hegirae,HJCoSA,8.8888888,7.7777777,Africa/Lagos,5,Egyptian General Authority of Survey,19.5,17.5,30.0444196,31.2357116,ANGLE_BASED,STANDARD,STANDARD,0,0,0,0,0,0,0,0,0,,,,,,,
05:24 (WAT),06:45 (WAT),12:38 (WAT),16:00 (WAT),18:31 (WAT),18:31 (WAT),19:43 (WAT),05:14 (WAT),00:38 (WAT),22:36 (WAT),02:40 (WAT),07 Dec 2026,1796630461,07-12-2026,DD-MM-YYYY,07,Monday,12,December,2026,AD,Anno Domini,false,27-06-1448,DD-MM-YYYY,27,Al Athnayn,الاثنين,6,Jumādá al-ākhirah,جُمادى الآخرة,29,1448,AH,Anno Hegirae,HJCoSA,8.8888888,7.7777777,Africa/Lagos,5,Egyptian General Authority of Survey,19.5,17.5,30.0444196,31.2357116,ANGLE_BASED,STANDARD,STANDARD,0,0,0,0,0,0,0,0,0,,,,,,,
05:24 (WAT),06:46 (WAT),12:38 (WAT),16:00 (WAT),18:31 (WAT),18:31 (WAT),19:44 (WAT),05:14 (WAT),00:38 (WAT),22:36 (WAT),02:41 (WAT),08 Dec 2026,1796716861,08-12-2026,DD-MM-YYYY,08,Tuesday,12,December,2026,AD,Anno Domini,false,28-06-1448,DD-MM-YYYY,28,Al Thalaata,الثلاثاء,6,Jumādá al-ākhirah,جُمادى الآخرة,29,1448,AH,Anno Hegirae,HJCoSA,8.8888888,7.7777777,Africa/Lagos,5,Egyptian General Authority of Survey,19.5,17.5,30.0444196,31.2357116,ANGLE_BASED,STANDARD,STANDARD,0,0,0,0,0,0,0,0,0,,,,,,,
05:25 (WAT),06:46 (WAT),12:39 (WAT),16:01 (WAT),18:32 (WAT),18:32 (WAT),19:44 (WAT),05:15 (WAT),00:39 (WAT),22:37 (WAT),02:41 (WAT),09 Dec 2026,1796803261,09-12-2026,DD-MM-YYYY,09,Wednesday,12,December,2026,AD,Anno Domini,false,29-06-1448,DD-MM-YYYY,29,Al Arba'a,الاربعاء,6,Jumādá al-ākhirah,جُمادى الآخرة,29,1448,AH,Anno Hegirae,HJCoSA,8.8888888,7.7777777,Africa/Lagos,5,Egyptian General Authority of Survey,19.5,17.5,30.0444196,31.2357116,ANGLE_BASED,STANDARD,STANDARD,0,0,0,0,0,0,0,0,0,,,,,,,
05:25 (WAT),06:47 (WAT),12:39 (WAT),16:01 (WAT),18:32 (WAT),18:32 (WAT),19:45 (WAT),05:15 (WAT),00:39 (WAT),22:37 (WAT),02:42 (WAT),10 Dec 2026,1796889661,10-12-2026,DD-MM-YYYY,10,Thursday,12,December,2026,AD,Anno Domini,false,01-07-1448,DD-MM-YYYY,1,Al Khamees,الخميس,7,Rajab,رَجَب,30,1448,AH,Anno Hegirae,HJCoSA,8.8888888,7.7777777,Africa/Lagos,5,Egyptian General Authority of Survey,19.5,17.5,30.0444196,31.2357116,ANGLE_BASED,STANDARD,STANDARD,0,0,0,0,0,0,0,0,0,Beginning of the holy months,,,,,,
05:26 (WAT),06:47 (WAT),12:40 (WAT),16:02 (WAT),18:33 (WAT),18:33 (WAT),19:45 (WAT),05:16 (WAT),00:40 (WAT),22:37 (WAT),02:42 (WAT),11 Dec 2026,1796976061,11-12-2026,DD-MM-YYYY,11,Friday,12,December,2026,AD,Anno Domini,false,02-07-1448,DD-MM-YYYY,2,Al Juma'a,الجمعة,7,Rajab,رَجَب,30,1448,AH,Anno Hegirae,HJCoSA,8.8888888,7.7777777,Africa/Lagos,5,Egyptian General Authority of Survey,19.5,17.5,30.0444196,31.2357116,ANGLE_BASED,STANDARD,STANDARD,0,0,0,0,0,0,0,0,0,Lailat-ul-Ragha'ib,,,,,,
05:26 (WAT),06:48 (WAT),12:40 (WAT),16:02 (WAT),18:33 (WAT),18:33 (WAT),19:46 (WAT),05:16 (WAT),00:40 (WAT),22:38 (WAT),02:43 (WAT),12 Dec 2026,1797062461,12-12-2026,DD-MM-YYYY,12,Saturday,12,December,2026,AD,Anno Domini,false,03-07-1448,DD-MM-YYYY,3,Al Sabt,السبت,7,Rajab,رَجَب,30,1448,AH,Anno Hegirae,HJCoSA,8.8888888,7.7777777,Africa/Lagos,5,Egyptian General Authority of Survey,19.5,17.5,30.0444196,31.2357116,ANGLE_BASED,STANDARD,STANDARD,0,0,0,0,0,0,0,0,0,,,,,,,
05:27 (WAT),06:48 (WAT),12:41 (WAT),16:03 (WAT),18:33 (WAT),18:33 (WAT),19:46 (WAT),05:17 (WAT),00:41 (WAT),22:38 (WAT),02:43 (WAT),13 Dec 2026,1797148861,13-12-2026,DD-MM-YYYY,13,Sunday,12,December,2026,AD,Anno Domini,false,04-07-1448,DD-MM-YYYY,4,Al Ahad,الاحد,7,Rajab,رَجَب,30,1448,AH,Anno Hegirae,HJCoSA,8.8888888,7.7777777,Africa/Lagos,5,Egyptian General Authority of Survey,19.5,17.5,30.0444196,31.2357116,ANGLE_BASED,STANDARD,STANDARD,0,0,0,0,0,0,0,0,0,,,,,,,
05:27 (WAT),06:49 (WAT),12:41 (WAT),16:03 (WAT),18:34 (WAT),18:34 (WAT),19:47 (WAT),05:17 (WAT),00:41 (WAT),22:39 (WAT),02:44 (WAT),14 Dec 2026,1797235261,14-12-2026,DD-MM-YYYY,14,Monday,12,December,2026,AD,Anno Domini,false,05-07-1448,DD-MM-YYYY,5,Al Athnayn,الاثنين,7,Rajab,رَجَب,30,1448,AH,Anno Hegirae,HJCoSA,8.8888888,7.7777777,Africa/Lagos,5,Egyptian General Authority of Survey,19.5,17.5,30.0444196,31.2357116,ANGLE_BASED,STANDARD,STANDARD,0,0,0,0,0,0,0,0,0,,,,,,,
05:28 (WAT),06:49 (WAT),12:42 (WAT),16:04 (WAT),18:34 (WAT),18:34 (WAT),19:47 (WAT),05:18 (WAT),00:42 (WAT),22:39 (WAT),02:44 (WAT),15 Dec 2026,1797321661,15-12-2026,DD-MM-YYYY,15,Tuesday,12,December,2026,AD,Anno Domini,false,06-07-1448,DD-MM-YYYY,6,Al Thalaata,الثلاثاء,7,Rajab,رَجَب,30,1448,AH,Anno Hegirae,HJCoSA,8.8888888,7.7777777,Africa/Lagos,5,Egyptian General Authority of Survey,19.5,17.5,30.0444196,31.2357116,ANGLE_BASED,STANDARD,STANDARD,0,0,0,0,0,0,0,0,0,Urs of Hadhrat Shaykh Moīn al-Dīn Chishti (ق),,,,,,
05:28 (WAT),06:50 (WAT),12:42 (WAT),16:04 (WAT),18:35 (WAT),18:35 (WAT),19:48 (WAT),05:18 (WAT),00:42 (WAT),22:40 (WAT),02:45 (WAT),16 Dec 2026,1797408061,16-12-2026,DD-MM-YYYY,16,Wednesday,12,December,2026,AD,Anno Domini,false,07-07-1448,DD-MM-YYYY,7,Al Arba'a,الاربعاء,7,Rajab,رَجَب,30,1448,AH,Anno Hegirae,HJCoSA,8.8888888,7.7777777,Africa/Lagos,5,Egyptian General Authority of Survey,19.5,17.5,30.0444196,31.2357116,ANGLE_BASED,STANDARD,STANDARD,0,0,0,0,0,0,0,0,0,,,,,,,
05:29 (WAT),06:50 (WAT),12:43 (WAT),16:05 (WAT),18:35 (WAT),18:35 (WAT),19:48 (WAT),05:19 (WAT),00:43 (WAT),22:40 (WAT),02:45 (WAT),17 Dec 2026,1797494461,17-12-2026,DD-MM-YYYY,17,Thursday,12,December,2026,AD,Anno Domini,false,08-07-1448,DD-MM-YYYY,8,Al Khamees,الخميس,7,Rajab,رَجَب,30,1448,AH,Anno Hegirae,HJCoSA,8.8888888,7.7777777,Africa/Lagos,5,Egyptian General Authority of Survey,19.5,17.5,30.0444196,31.2357116,ANGLE_BASED,STANDARD,STANDARD,0,0,0,0,0,0,0,0,0,Urs of Mawlāna Shaykh Nāzim al-Haqqāni (ق),,,,,,
05:29 (WAT),06:51 (WAT),12:43 (WAT),16:05 (WAT),18:36 (WAT),18:36 (WAT),19:49 (WAT),05:19 (WAT),00:43 (WAT),22:41 (WAT),02:46 (WAT),18 Dec 2026,1797580861,18-12-2026,DD-MM-YYYY,18,Friday,12,December,2026,AD,Anno Domini,false,09-07-1448,DD-MM-YYYY,9,Al Juma'a,الجمعة,7,Rajab,رَجَب,30,1448,AH,Anno Hegirae,HJCoSA,8.8888888,7.7777777,Africa/Lagos,5,Egyptian General Authority of Survey,19.5,17.5,30.0444196,31.2357116,ANGLE_BASED,STANDARD,STANDARD,0,0,0,0,0,0,0,0,0,,,,,,,
05:30 (WAT),06:51 (WAT),12:44 (WAT),16:05 (WAT),18:36 (WAT),18:36 (WAT),19:49 (WAT),05:20 (WAT),00:44 (WAT),22:41 (WAT),02:46 (WAT),19 Dec 2026,1797667261,19-12-2026,DD-MM-YYYY,19,Saturday,12,December,2026,AD,Anno Domini,false,10-07-1448,DD-MM-YYYY,10,Al Sabt,السبت,7,Rajab,رَجَب,30,1448,AH,Anno Hegirae,HJCoSA,8.8888888,7.7777777,Africa/Lagos,5,Egyptian General Authority of Survey,19.5,17.5,30.0444196,31.2357116,ANGLE_BASED,STANDARD,STANDARD,0,0,0,0,0,0,0,0,0,,,,,,,
05:30 (WAT),06:52 (WAT),12:44 (WAT),16:06 (WAT),18:37 (WAT),18:37 (WAT),19:50 (WAT),05:20 (WAT),00:44 (WAT),22:42 (WAT),02:47 (WAT),20 Dec 2026,1797753661,20-12-2026,DD-MM-YYYY,20,Sunday,12,December,2026,AD,Anno Domini,false,11-07-1448,DD-MM-YYYY,11,Al Ahad,الاحد,7,Rajab,رَجَب,30,1448,AH,Anno Hegirae,HJCoSA,8.8888888,7.7777777,Africa/Lagos,5,Egyptian General Authority of Survey,19.5,17.5,30.0444196,31.2357116,ANGLE_BASED,STANDARD,STANDARD,0,0,0,0,0,0,0,0,0,,,,,,,
05:31 (WAT),06:52 (WAT),12:45 (WAT),16:06 (WAT),18:37 (WAT),18:37 (WAT),19:50 (WAT),05:21 (WAT),00:45 (WAT),22:42 (WAT),02:47 (WAT),21 Dec 2026,1797840061,21-12-2026,DD-MM-YYYY,21,Monday,12,December,2026,AD,Anno Domini,false,12-07-1448,DD-MM-YYYY,12,Al Athnayn,الاثنين,7,Rajab,رَجَب,30,1448,AH,Anno Hegirae,HJCoSA,8.8888888,7.7777777,Africa/Lagos,5,Egyptian General Authority of Survey,19.5,17.5,30.0444196,31.2357116,ANGLE_BASED,STANDARD,STANDARD,0,0,0,0,0,0,0,0,0,,,,,,,
05:31 (WAT),06:53 (WAT),12:45 (WAT),16:07 (WAT),18:38 (WAT),18:38 (WAT),19:51 (WAT),05:21 (WAT),00:45 (WAT),22:43 (WAT),02:48 (WAT),22 Dec 2026,1797926461,22-12-2026,DD-MM-YYYY,22,Tuesday,12,December,2026,AD,Anno Domini,false,13-07-1448,DD-MM-YYYY,13,Al Thalaata,الثلاثاء,7,Rajab,رَجَب,30,1448,AH,Anno Hegirae,HJCoSA,8.8888888,7.7777777,Africa/Lagos,5,Egyptian General Authority of Survey,19.5,17.5,30.0444196,31.2357116,ANGLE_BASED,STANDARD,STANDARD,0,0,0,0,0,0,0,0,0,Birth of Sayyidina `Ali ibn Abi Talib (ر),,,,,,
05:32 (WAT),06:53 (WAT),12:46 (WAT),16:07 (WAT),18:38 (WAT),18:38 (WAT),19:51 (WAT),05:22 (WAT),00:46 (WAT),22:43 (WAT),02:48 (WAT),23 Dec 2026,1798012861,23-12-2026,DD-MM-YYYY,23,Wednesday,12,December,2026,AD,Anno Domini,false,14-07-1448,DD-MM-YYYY,14,Al Arba'a,الاربعاء,7,Rajab,رَجَب,30,1448,AH,Anno Hegirae,HJCoSA,8.8888888,7.7777777,Africa/Lagos,5,Egyptian General Authority of Survey,19.5,17.5,30.0444196,31.2357116,ANGLE_BASED,STANDARD,STANDARD,0,0,0,0,0,0,0,0,0,,,,,,,
05:32 (WAT),06:54 (WAT),12:46 (WAT),16:08 (WAT),18:39 (WAT),18:39 (WAT),19:52 (WAT),05:22 (WAT),00:46 (WAT),22:44 (WAT),02:49 (WAT),24 Dec 2026,1798099261,24-12-2026,DD-MM-YYYY,24,Thursday,12,December,2026,AD,Anno Domini,false,15-07-1448,DD-MM-YYYY,15,Al Khamees,الخميس,7,Rajab,رَجَب,30,1448,AH,Anno Hegirae,HJCoSA,8.8888888,7.7777777,Africa/Lagos,5,Egyptian General Authority of Survey,19.5,17.5,30.0444196,31.2357116,ANGLE_BASED,STANDARD,STANDARD,0,0,0,0,0,0,0,0,0,Urs of Sayyidina Jāfar as-Sādiq (ق),Urs of Zaynab bint Ali (ر),,,,,
05:33 (WAT),06:54 (WAT),12:47 (WAT),16:08 (WAT),18:39 (WAT),18:39 (WAT),19:52 (WAT),05:23 (WAT),00:47 (WAT),22:44 (WAT),02:49 (WAT),25 Dec 2026,1798185661,25-12-2026,DD-MM-YYYY,25,Friday,12,December,2026,AD,Anno Domini,false,16-07-1448,DD-MM-YYYY,16,Al Juma'a,الجمعة,7,Rajab,رَجَب,30,1448,AH,Anno Hegirae,HJCoSA,8.8888888,7.7777777,Africa/Lagos,5,Egyptian General Authority of Survey,19.5,17.5,30.0444196,31.2357116,ANGLE_BASED,STANDARD,STANDARD,0,0,0,0,0,0,0,0,0,,,,,,,
05:33 (WAT),06:55 (WAT),12:47 (WAT),16:09 (WAT),18:40 (WAT),18:40 (WAT),19:53 (WAT),05:23 (WAT),00:47 (WAT),22:45 (WAT),02:50 (WAT),26 Dec 2026,1798272061,26-12-2026,DD-MM-YYYY,26,Saturday,12,December,2026,AD,Anno Domini,false,17-07-1448,DD-MM-YYYY,17,Al Sabt,السبت,7,Rajab,رَجَب,30,1448,AH,Anno Hegirae,HJCoSA,8.8888888,7.7777777,Africa/Lagos,5,Egyptian General Authority of Survey,19.5,17.5,30.0444196,31.2357116,ANGLE_BASED,STANDARD,STANDARD,0,0,0,0,0,0,0,0,0,,,,,,,
05:34 (WAT),06:55 (WAT),12:48 (WAT),16:09 (WAT),18:40 (WAT),18:40 (WAT),19:53 (WAT),05:24 (WAT),00:48 (WAT),22:45 (WAT),02:50 (WAT),27 Dec 2026,1798358461,27-12-2026,DD-MM-YYYY,27,Sunday,12,December,2026,AD,Anno Domini,false,18-07-1448,DD-MM-YYYY,18,Al Ahad,الاحد,7,Rajab,رَجَب,30,1448,AH,Anno Hegirae,HJCoSA,8.8888888,7.7777777,Africa/Lagos,5,Egyptian General Authority of Survey,19.5,17.5,30.0444196,31.2357116,ANGLE_BASED,STANDARD,STANDARD,0,0,0,0,0,0,0,0,0,,,,,,,
05:34 (WAT),06:56 (WAT),12:48 (WAT),16:10 (WAT),18:41 (WAT),18:41 (WAT),19:54 (WAT),05:24 (WAT),00:48 (WAT),22:46 (WAT),02:51 (WAT),28 Dec 2026,1798444861,28-12-2026,DD-MM-YYYY,28,Monday,12,December,2026,AD,Anno Domini,false,19-07-1448,DD-MM-YYYY,19,Al Athnayn,الاثنين,7,Rajab,رَجَب,30,1448,AH,Anno Hegirae,HJCoSA,8.8888888,7.7777777,Africa/Lagos,5,Egyptian General Authority of Survey,19.5,17.5,30.0444196,31.2357116,ANGLE_BASED,STANDARD,STANDARD,0,0,0,0,0,0,0,0,0,,,,,,,
05:35 (WAT),06:56 (WAT),12:49 (WAT),16:10 (WAT),18:41 (WAT),18:41 (WAT),19:54 (WAT),05:25 (WAT),00:49 (WAT),22:46 (WAT),02:51 (WAT),29 Dec 2026,1798531261,29-12-2026,DD-MM-YYYY,29,Tuesday,12,December,2026,AD,Anno Domini,false,20-07-1448,DD-MM-YYYY,20,Al Thalaata,الثلاثاء,7,Rajab,رَجَب,30,1448,AH,Anno Hegirae,HJCoSA,8.8888888,7.7777777,Africa/Lagos,5,Egyptian General Authority of Survey,19.5,17.5,30.0444196,31.2357116,ANGLE_BASED,STANDARD,STANDARD,0,0,0,0,0,0,0,0,0,,,,,,,
05:35 (WAT),06:56 (WAT),12:49 (WAT),16:11 (WAT),18:42 (WAT),18:42 (WAT),19:54 (WAT),05:25 (WAT),00:49 (WAT),22:47 (WAT),02:52 (WAT),30 Dec 2026,1798617661,30-12-2026,DD-MM-YYYY,30,Wednesday,12,December,2026,AD,Anno Domini,false,21-07-1448,DD-MM-YYYY,21,Al Arba'a,الاربعاء,7,Rajab,رَجَب,30,1448,AH,Anno Hegirae,HJCoSA,8.8888888,7.7777777,Africa/Lagos,5,Egyptian General Authority of Survey,19.5,17.5,30.0444196,31.2357116,ANGLE_BASED,STANDARD,STANDARD,0,0,0,0,0,0,0,0,0,,,,,,,
05:36 (WAT),06:57 (WAT),12:50 (WAT),16:11 (WAT),18:42 (WAT),18:42 (WAT),19:55 (WAT),05:26 (WAT),00:50 (WAT),22:47 (WAT),02:52 (WAT),31 Dec 2026,1798704061,31-12-2026,DD-MM-YYYY,31,Thursday,12,December,2026,AD,Anno Domini,false,22-07-1448,DD-MM-YYYY,22,Al Khamees,الخميس,7,Rajab,رَجَب,30,1448,AH,Anno Hegirae,HJCoSA,8.8888888,7.7777777,Africa/Lagos,5,Egyptian General Authority of Survey,19.5,17.5,30.0444196,31.2357116,ANGLE_BASED,STANDARD,STANDARD,0,0,0,0,0,0,0,0,0,,,,,,,